timestamp,min_rtt_ms,avg_rtt_ms,max_rtt_ms,packet_loss_percent
2026-02-23T07:53:03.247558,141.7,141.7,141.7,0.0
2026-02-23T07:53:03.321458,70.145,70.145,70.145,0.0
2026-02-23T07:53:03.394750,70.116,70.116,70.116,0.0
2026-02-23T07:53:03.467845,70.113,70.113,70.113,0.0
2026-02-23T07:53:03.540910,70.146,70.146,70.146,0.0
2026-02-23T07:53:03.614117,70.097,70.097,70.097,0.0
2026-02-23T07:53:03.687039,70.085,70.085,70.085,0.0
2026-02-23T07:53:03.759861,70.082,70.082,70.082,0.0
2026-02-23T07:53:03.832858,70.142,70.142,70.142,0.0
2026-02-23T07:53:03.906362,70.164,70.164,70.164,0.0
2026-02-23T07:53:03.980720,70.113,70.113,70.113,0.0
2026-02-23T07:53:04.053666,70.082,70.082,70.082,0.0
2026-02-23T07:53:04.125814,70.056,70.056,70.056,0.0
2026-02-23T07:53:14.128168,,,,100.0
2026-02-23T07:53:14.201128,70.103,70.103,70.103,0.0
2026-02-23T07:53:14.273743,70.073,70.073,70.073,0.0
2026-02-23T07:53:14.346026,70.089,70.089,70.089,0.0
2026-02-23T07:53:14.418464,70.139,70.139,70.139,0.0
2026-02-23T07:53:14.491819,70.18,70.18,70.18,0.0
2026-02-23T07:53:14.565740,70.12,70.12,70.12,0.0
2026-02-23T07:53:14.639451,70.155,70.155,70.155,0.0
2026-02-23T07:53:24.643025,,,,100.0
2026-02-23T07:53:24.716902,70.104,70.104,70.104,0.0
2026-02-23T07:53:24.790573,70.176,70.176,70.176,0.0
2026-02-23T07:53:24.863473,70.165,70.165,70.165,0.0
2026-02-23T07:53:24.936187,70.097,70.097,70.097,0.0
2026-02-23T07:53:25.009839,70.114,70.114,70.114,0.0
2026-02-23T07:53:25.083981,70.181,70.181,70.181,0.0
2026-02-23T07:53:25.157739,70.216,70.216,70.216,0.0
2026-02-23T07:53:25.231287,70.109,70.109,70.109,0.0
2026-02-23T07:53:25.304852,70.126,70.126,70.126,0.0
2026-02-23T07:53:25.378307,70.116,70.116,70.116,0.0
2026-02-23T07:53:25.451669,70.181,70.181,70.181,0.0
2026-02-23T07:53:25.524759,70.097,70.097,70.097,0.0
2026-02-23T07:53:25.597955,70.066,70.066,70.066,0.0
2026-02-23T07:53:25.671582,70.119,70.119,70.119,0.0
2026-02-23T07:53:25.745135,70.081,70.081,70.081,0.0
2026-02-23T07:53:25.818150,70.052,70.052,70.052,0.0
2026-02-23T07:53:25.890556,70.097,70.097,70.097,0.0
2026-02-23T07:53:25.963604,70.069,70.069,70.069,0.0
2026-02-23T07:53:26.036878,70.067,70.067,70.067,0.0
2026-02-23T07:53:26.109867,70.114,70.114,70.114,0.0
2026-02-23T07:53:26.183030,70.067,70.067,70.067,0.0
2026-02-23T07:53:26.256666,70.098,70.098,70.098,0.0
2026-02-23T07:53:26.328942,70.058,70.058,70.058,0.0
2026-02-23T07:53:36.332370,,,,100.0
2026-02-23T07:53:46.335103,,,,100.0
2026-02-23T07:53:56.338169,,,,100.0
2026-02-23T07:53:56.411536,70.082,70.082,70.082,0.0
2026-02-23T07:53:56.484891,70.122,70.122,70.122,0.0
2026-02-23T07:53:56.558316,70.055,70.055,70.055,0.0
2026-02-23T07:53:56.631906,70.093,70.093,70.093,0.0
2026-02-23T07:53:56.705186,70.104,70.104,70.104,0.0
2026-02-23T07:53:56.778244,70.056,70.056,70.056,0.0
2026-02-23T07:53:56.851754,70.065,70.065,70.065,0.0
2026-02-23T07:53:56.924984,70.053,70.053,70.053,0.0
2026-02-23T07:53:56.998130,70.046,70.046,70.046,0.0
2026-02-23T07:53:57.071013,70.049,70.049,70.049,0.0
2026-02-23T07:53:57.143896,70.103,70.103,70.103,0.0
2026-02-23T07:53:57.217158,70.072,70.072,70.072,0.0
2026-02-23T07:53:57.290991,70.133,70.133,70.133,0.0
2026-02-23T07:53:57.364532,70.08,70.08,70.08,0.0
2026-02-23T07:53:57.438409,71.698,71.698,71.698,0.0
2026-02-23T07:53:57.511046,70.157,70.157,70.157,0.0
2026-02-23T07:53:57.584799,70.072,70.072,70.072,0.0
2026-02-23T07:53:57.658101,70.062,70.062,70.062,0.0
2026-02-23T07:53:57.731232,70.061,70.061,70.061,0.0
2026-02-23T07:54:07.734564,,,,100.0
2026-02-23T07:54:07.807628,70.12,70.12,70.12,0.0
2026-02-23T07:54:07.880962,70.115,70.115,70.115,0.0
2026-02-23T07:54:07.954801,70.073,70.073,70.073,0.0
2026-02-23T07:54:08.027707,70.104,70.104,70.104,0.0
2026-02-23T07:54:08.100793,70.086,70.086,70.086,0.0
2026-02-23T07:54:08.173792,70.094,70.094,70.094,0.0
2026-02-23T07:54:08.248599,71.748,71.748,71.748,0.0
2026-02-23T07:54:08.323284,71.595,71.595,71.595,0.0
2026-02-23T07:54:08.396907,70.059,70.059,70.059,0.0
2026-02-23T07:54:08.470348,70.141,70.141,70.141,0.0
2026-02-23T07:54:08.543463,70.076,70.076,70.076,0.0
2026-02-23T07:54:08.616544,70.113,70.113,70.113,0.0
2026-02-23T07:54:08.689646,70.098,70.098,70.098,0.0
2026-02-23T07:54:08.762989,70.064,70.064,70.064,0.0
2026-02-23T07:54:08.835970,70.043,70.043,70.043,0.0
2026-02-23T07:54:08.909299,70.076,70.076,70.076,0.0
2026-02-23T07:54:18.912581,,,,100.0
2026-02-23T07:54:18.986957,70.123,70.123,70.123,0.0
2026-02-23T07:54:19.060193,70.111,70.111,70.111,0.0
2026-02-23T07:54:19.133140,70.088,70.088,70.088,0.0
2026-02-23T07:54:29.136090,,,,100.0
2026-02-23T07:54:29.209634,70.093,70.093,70.093,0.0
2026-02-23T07:54:29.283512,70.125,70.125,70.125,0.0
2026-02-23T07:54:29.357306,70.089,70.089,70.089,0.0
2026-02-23T07:54:29.431364,70.089,70.089,70.089,0.0
2026-02-23T07:54:29.504682,70.164,70.164,70.164,0.0
2026-02-23T07:54:29.578465,70.181,70.181,70.181,0.0
2026-02-23T07:54:29.652074,71.061,71.061,71.061,0.0
2026-02-23T07:54:29.725702,70.212,70.212,70.212,0.0
2026-02-23T07:54:29.799783,70.201,70.201,70.201,0.0
2026-02-23T07:54:29.873316,70.139,70.139,70.139,0.0
2026-02-23T07:54:29.947288,70.101,70.101,70.101,0.0
2026-02-23T07:54:30.020005,70.049,70.049,70.049,0.0
2026-02-23T07:54:30.093135,70.062,70.062,70.062,0.0
2026-02-23T07:54:30.166467,70.088,70.088,70.088,0.0
2026-02-23T07:54:30.239905,70.144,70.144,70.144,0.0
2026-02-23T07:54:30.313131,70.07,70.07,70.07,0.0
2026-02-23T07:54:30.386968,70.097,70.097,70.097,0.0
2026-02-23T07:54:30.460261,70.114,70.114,70.114,0.0
2026-02-23T07:54:30.533626,70.09,70.09,70.09,0.0
2026-02-23T07:54:30.610246,72.797,72.797,72.797,0.0
2026-02-23T07:54:30.684282,70.112,70.112,70.112,0.0
2026-02-23T07:54:30.757405,70.063,70.063,70.063,0.0
2026-02-23T07:54:30.830099,70.067,70.067,70.067,0.0
2026-02-23T07:54:30.903078,70.057,70.057,70.057,0.0
2026-02-23T07:54:30.975994,70.046,70.046,70.046,0.0
2026-02-23T07:54:31.048779,70.057,70.057,70.057,0.0
2026-02-23T07:54:31.122591,70.147,70.147,70.147,0.0
2026-02-23T07:54:31.196326,70.106,70.106,70.106,0.0
2026-02-23T07:54:41.199908,,,,100.0
2026-02-23T07:54:41.272852,70.07,70.07,70.07,0.0
2026-02-23T07:54:41.345386,70.119,70.119,70.119,0.0
2026-02-23T07:54:41.417831,70.18,70.18,70.18,0.0
2026-02-23T07:54:41.490394,70.049,70.049,70.049,0.0
2026-02-23T07:54:41.563279,70.067,70.067,70.067,0.0
2026-02-23T07:54:41.635619,70.053,70.053,70.053,0.0
2026-02-23T07:54:41.708465,70.048,70.048,70.048,0.0
2026-02-23T07:54:41.781252,70.089,70.089,70.089,0.0
2026-02-23T07:54:41.853896,70.142,70.142,70.142,0.0
2026-02-23T07:54:41.926704,70.14,70.14,70.14,0.0
2026-02-23T07:54:51.930272,,,,100.0
2026-02-23T07:54:52.003924,70.097,70.097,70.097,0.0
2026-02-23T07:54:52.077526,70.15,70.15,70.15,0.0
2026-02-23T07:54:52.149878,70.041,70.041,70.041,0.0
2026-02-23T07:54:52.221913,70.102,70.102,70.102,0.0
2026-02-23T07:54:52.294193,70.129,70.129,70.129,0.0
2026-02-23T07:54:52.367468,70.122,70.122,70.122,0.0
2026-02-23T07:54:52.440738,70.195,70.195,70.195,0.0
2026-02-23T07:54:52.513988,70.133,70.133,70.133,0.0
2026-02-23T07:54:52.587433,70.175,70.175,70.175,0.0
2026-02-23T07:54:52.660206,70.184,70.184,70.184,0.0
2026-02-23T07:54:52.734052,70.138,70.138,70.138,0.0
2026-02-23T07:54:52.807720,70.152,70.152,70.152,0.0
2026-02-23T07:54:52.880730,70.148,70.148,70.148,0.0
2026-02-23T07:54:52.954337,70.157,70.157,70.157,0.0
2026-02-23T07:54:53.027816,70.171,70.171,70.171,0.0
2026-02-23T07:54:53.100618,70.131,70.131,70.131,0.0
2026-02-23T07:54:53.173665,70.149,70.149,70.149,0.0
2026-02-23T07:54:53.246897,70.145,70.145,70.145,0.0
2026-02-23T07:54:53.319819,70.168,70.168,70.168,0.0
2026-02-23T07:54:53.392605,70.126,70.126,70.126,0.0
2026-02-23T07:54:53.465677,70.105,70.105,70.105,0.0
2026-02-23T07:54:53.538792,70.144,70.144,70.144,0.0
2026-02-23T07:54:53.611686,70.106,70.106,70.106,0.0
2026-02-23T07:54:53.684832,70.138,70.138,70.138,0.0
2026-02-23T07:54:53.757596,70.112,70.112,70.112,0.0
2026-02-23T07:54:53.830366,70.101,70.101,70.101,0.0
2026-02-23T07:54:53.903145,70.073,70.073,70.073,0.0
2026-02-23T07:54:53.975888,70.131,70.131,70.131,0.0
2026-02-23T07:54:54.048836,70.057,70.057,70.057,0.0
2026-02-23T07:54:54.121811,70.154,70.154,70.154,0.0
2026-02-23T07:54:54.194620,70.115,70.115,70.115,0.0
2026-02-23T07:54:54.267744,70.152,70.152,70.152,0.0
2026-02-23T07:54:54.341479,70.132,70.132,70.132,0.0
2026-02-23T07:54:54.414887,70.057,70.057,70.057,0.0
2026-02-23T07:54:54.487975,70.13,70.13,70.13,0.0
2026-02-23T07:54:54.561314,70.047,70.047,70.047,0.0
2026-02-23T07:54:54.633771,70.042,70.042,70.042,0.0
2026-02-23T07:54:54.706786,70.102,70.102,70.102,0.0
2026-02-23T07:54:54.780115,70.128,70.128,70.128,0.0
2026-02-23T07:54:54.854596,70.885,70.885,70.885,0.0
2026-02-23T07:54:54.927790,70.178,70.178,70.178,0.0
2026-02-23T07:54:55.000747,70.091,70.091,70.091,0.0
2026-02-23T07:54:55.073832,70.108,70.108,70.108,0.0
2026-02-23T07:55:05.077059,,,,100.0
2026-02-23T07:55:05.151096,70.081,70.081,70.081,0.0
2026-02-23T07:55:05.224980,70.125,70.125,70.125,0.0
2026-02-23T07:55:05.298265,70.067,70.067,70.067,0.0
2026-02-23T07:55:05.372150,70.088,70.088,70.088,0.0
2026-02-23T07:55:05.446146,70.066,70.066,70.066,0.0
2026-02-23T07:55:05.519537,70.067,70.067,70.067,0.0
2026-02-23T07:55:05.593037,70.063,70.063,70.063,0.0
2026-02-23T07:55:05.666925,70.098,70.098,70.098,0.0
2026-02-23T07:55:05.740839,70.062,70.062,70.062,0.0
2026-02-23T07:55:05.814164,70.075,70.075,70.075,0.0
2026-02-23T07:55:05.887550,70.768,70.768,70.768,0.0
2026-02-23T07:55:05.962452,71.679,71.679,71.679,0.0
2026-02-23T07:55:06.035920,70.109,70.109,70.109,0.0
2026-02-23T07:55:06.109061,70.109,70.109,70.109,0.0
2026-02-23T07:55:06.182546,70.147,70.147,70.147,0.0
2026-02-23T07:55:06.255108,70.065,70.065,70.065,0.0
2026-02-23T07:55:06.328572,70.088,70.088,70.088,0.0
2026-02-23T07:55:06.402189,70.115,70.115,70.115,0.0
2026-02-23T07:55:06.475476,70.085,70.085,70.085,0.0
2026-02-23T07:55:06.548646,70.104,70.104,70.104,0.0
2026-02-23T07:55:06.621282,70.139,70.139,70.139,0.0
2026-02-23T07:55:06.694152,70.099,70.099,70.099,0.0
2026-02-23T07:55:06.767897,70.113,70.113,70.113,0.0
2026-02-23T07:55:06.841464,70.171,70.171,70.171,0.0
2026-02-23T07:55:06.915110,70.097,70.097,70.097,0.0
2026-02-23T07:55:06.988813,70.152,70.152,70.152,0.0
2026-02-23T07:55:07.062697,70.155,70.155,70.155,0.0
2026-02-23T07:55:07.136317,70.14,70.14,70.14,0.0
2026-02-23T07:55:07.209404,70.157,70.157,70.157,0.0
2026-02-23T07:55:07.282493,70.095,70.095,70.095,0.0
2026-02-23T07:55:07.355769,70.098,70.098,70.098,0.0
2026-02-23T07:55:07.431110,72.298,72.298,72.298,0.0
2026-02-23T07:55:07.504713,70.098,70.098,70.098,0.0
2026-02-23T07:55:07.578120,70.061,70.061,70.061,0.0
2026-02-23T07:55:07.651356,70.086,70.086,70.086,0.0
2026-02-23T07:55:07.724531,70.082,70.082,70.082,0.0
2026-02-23T07:55:07.797784,70.107,70.107,70.107,0.0
2026-02-23T07:55:07.870903,70.073,70.073,70.073,0.0
2026-02-23T07:55:07.944193,70.101,70.101,70.101,0.0
2026-02-23T07:55:08.017707,70.062,70.062,70.062,0.0
2026-02-23T07:55:08.090824,70.066,70.066,70.066,0.0
2026-02-23T07:55:08.163902,70.107,70.107,70.107,0.0
2026-02-23T07:55:08.237260,70.085,70.085,70.085,0.0
2026-02-23T07:55:08.310068,70.092,70.092,70.092,0.0
2026-02-23T07:55:08.383295,70.077,70.077,70.077,0.0
2026-02-23T07:55:08.456554,70.069,70.069,70.069,0.0
2026-02-23T07:55:08.529535,70.063,70.063,70.063,0.0
2026-02-23T07:55:08.601685,70.041,70.041,70.041,0.0
2026-02-23T07:55:18.604113,,,,100.0
2026-02-23T07:55:18.678260,70.085,70.085,70.085,0.0
2026-02-23T07:55:18.751554,70.081,70.081,70.081,0.0
2026-02-23T07:55:18.824734,70.113,70.113,70.113,0.0
2026-02-23T07:55:28.828046,,,,100.0
2026-02-23T07:55:28.901847,70.139,70.139,70.139,0.0
2026-02-23T07:55:28.974991,70.069,70.069,70.069,0.0
2026-02-23T07:55:29.047120,70.115,70.115,70.115,0.0
2026-02-23T07:55:29.120034,70.075,70.075,70.075,0.0
2026-02-23T07:55:29.193022,70.06,70.06,70.06,0.0
2026-02-23T07:55:29.265940,70.056,70.056,70.056,0.0
2026-02-23T07:55:29.338970,70.137,70.137,70.137,0.0
2026-02-23T07:55:29.412049,70.058,70.058,70.058,0.0
2026-02-23T07:55:29.485077,70.092,70.092,70.092,0.0
2026-02-23T07:55:29.558771,70.139,70.139,70.139,0.0
2026-02-23T07:55:29.631805,70.131,70.131,70.131,0.0
2026-02-23T07:55:29.704705,70.073,70.073,70.073,0.0
2026-02-23T07:55:29.777471,70.086,70.086,70.086,0.0
2026-02-23T07:55:29.850194,70.083,70.083,70.083,0.0
2026-02-23T07:55:29.923995,70.137,70.137,70.137,0.0
2026-02-23T07:55:29.996922,70.051,70.051,70.051,0.0
2026-02-23T07:55:30.069951,70.135,70.135,70.135,0.0
2026-02-23T07:55:30.143005,70.06,70.06,70.06,0.0
2026-02-23T07:55:30.216959,70.08,70.08,70.08,0.0
2026-02-23T07:55:30.290144,70.104,70.104,70.104,0.0
2026-02-23T07:55:30.363509,70.095,70.095,70.095,0.0
2026-02-23T07:55:30.436920,70.158,70.158,70.158,0.0
2026-02-23T07:55:30.509926,70.057,70.057,70.057,0.0
2026-02-23T07:55:30.582460,70.066,70.066,70.066,0.0
2026-02-23T07:55:40.585007,,,,100.0
2026-02-23T07:55:50.588459,,,,100.0
2026-02-23T07:55:50.661774,70.105,70.105,70.105,0.0
2026-02-23T07:55:50.739104,73.269,73.269,73.269,0.0
2026-02-23T07:55:50.813198,70.068,70.068,70.068,0.0
2026-02-23T07:55:50.886762,70.143,70.143,70.143,0.0
2026-02-23T07:55:50.960451,70.122,70.122,70.122,0.0
2026-02-23T07:55:51.034214,70.072,70.072,70.072,0.0
2026-02-23T07:55:51.107841,70.085,70.085,70.085,0.0
2026-02-23T07:55:51.181614,70.122,70.122,70.122,0.0
2026-02-23T07:55:51.254621,70.084,70.084,70.084,0.0
2026-02-23T07:55:51.327092,70.068,70.068,70.068,0.0
2026-02-23T07:55:51.400845,70.105,70.105,70.105,0.0
2026-02-23T07:55:51.473577,70.11,70.11,70.11,0.0
2026-02-23T07:55:51.546957,70.061,70.061,70.061,0.0
2026-02-23T07:55:51.619925,70.167,70.167,70.167,0.0
2026-02-23T07:55:51.693703,70.085,70.085,70.085,0.0
2026-02-23T07:55:51.767077,70.06,70.06,70.06,0.0
2026-02-23T07:55:51.840544,70.072,70.072,70.072,0.0
2026-02-23T07:55:51.913492,70.133,70.133,70.133,0.0
2026-02-23T07:55:51.986212,70.071,70.071,70.071,0.0
2026-02-23T07:55:52.058696,70.103,70.103,70.103,0.0
2026-02-23T07:55:52.131634,70.106,70.106,70.106,0.0
2026-02-23T07:55:52.204765,70.077,70.077,70.077,0.0
2026-02-23T07:56:02.207553,,,,100.0
2026-02-23T07:56:02.281568,70.082,70.082,70.082,0.0
2026-02-23T07:56:02.355465,70.113,70.113,70.113,0.0
2026-02-23T07:56:02.430717,71.786,71.786,71.786,0.0
2026-02-23T07:56:02.503739,70.076,70.076,70.076,0.0
2026-02-23T07:56:02.576327,70.058,70.058,70.058,0.0
2026-02-23T07:56:02.649751,70.068,70.068,70.068,0.0
2026-02-23T07:56:12.653250,,,,100.0
2026-02-23T07:56:22.655609,,,,100.0
2026-02-23T07:56:22.729863,70.129,70.129,70.129,0.0
2026-02-23T07:56:22.803663,70.082,70.082,70.082,0.0
2026-02-23T07:56:22.877055,70.093,70.093,70.093,0.0
2026-02-23T07:56:22.950775,70.083,70.083,70.083,0.0
2026-02-23T07:56:23.023876,70.097,70.097,70.097,0.0
2026-02-23T07:56:23.097266,70.127,70.127,70.127,0.0
2026-02-23T07:56:23.170741,70.078,70.078,70.078,0.0
2026-02-23T07:56:23.244145,70.118,70.118,70.118,0.0
2026-02-23T07:56:23.317042,70.096,70.096,70.096,0.0
2026-02-23T07:56:23.390150,70.07,70.07,70.07,0.0
2026-02-23T07:56:23.463824,70.092,70.092,70.092,0.0
2026-02-23T07:56:33.466839,,,,100.0
2026-02-23T07:56:33.540715,70.088,70.088,70.088,0.0
2026-02-23T07:56:33.614071,70.073,70.073,70.073,0.0
2026-02-23T07:56:33.687260,70.111,70.111,70.111,0.0
2026-02-23T07:56:33.760487,70.101,70.101,70.101,0.0
2026-02-23T07:56:33.833931,70.112,70.112,70.112,0.0
2026-02-23T07:56:33.907633,70.09,70.09,70.09,0.0
2026-02-23T07:56:33.981151,70.125,70.125,70.125,0.0
2026-02-23T07:56:34.054494,70.083,70.083,70.083,0.0
2026-02-23T07:56:34.127080,70.111,70.111,70.111,0.0
2026-02-23T07:56:34.199848,70.085,70.085,70.085,0.0
2026-02-23T07:56:34.272988,70.106,70.106,70.106,0.0
2026-02-23T07:56:34.346520,70.133,70.133,70.133,0.0
2026-02-23T07:56:34.419686,70.089,70.089,70.089,0.0
2026-02-23T07:56:34.492352,70.081,70.081,70.081,0.0
2026-02-23T07:56:34.565976,70.078,70.078,70.078,0.0
2026-02-23T07:56:34.639154,70.066,70.066,70.066,0.0
2026-02-23T07:56:34.712648,70.11,70.11,70.11,0.0
2026-02-23T07:56:34.785958,70.08,70.08,70.08,0.0
2026-02-23T07:56:34.859691,70.086,70.086,70.086,0.0
2026-02-23T07:56:34.933021,70.088,70.088,70.088,0.0
2026-02-23T07:56:35.006506,70.112,70.112,70.112,0.0
2026-02-23T07:56:35.079720,70.068,70.068,70.068,0.0
2026-02-23T07:56:35.153272,70.101,70.101,70.101,0.0
2026-02-23T07:56:35.226673,70.109,70.109,70.109,0.0
2026-02-23T07:56:35.300295,70.459,70.459,70.459,0.0
2026-02-23T07:56:35.373117,70.058,70.058,70.058,0.0
2026-02-23T07:56:35.446399,70.088,70.088,70.088,0.0
2026-02-23T07:56:35.519855,70.147,70.147,70.147,0.0
2026-02-23T07:56:35.592243,70.104,70.104,70.104,0.0
2026-02-23T07:56:35.665679,70.094,70.094,70.094,0.0
2026-02-23T07:56:35.738716,70.084,70.084,70.084,0.0
2026-02-23T07:56:35.812298,70.119,70.119,70.119,0.0
2026-02-23T07:56:35.885753,70.124,70.124,70.124,0.0
2026-02-23T07:56:35.958923,70.085,70.085,70.085,0.0
2026-02-23T07:56:36.032402,70.11,70.11,70.11,0.0
2026-02-23T07:56:36.105013,70.077,70.077,70.077,0.0
2026-02-23T07:56:36.178725,70.178,70.178,70.178,0.0
2026-02-23T07:56:36.251586,70.092,70.092,70.092,0.0
2026-02-23T07:56:36.325261,70.075,70.075,70.075,0.0
2026-02-23T07:56:36.398825,70.089,70.089,70.089,0.0
2026-02-23T07:56:36.472269,70.119,70.119,70.119,0.0
2026-02-23T07:56:36.545928,70.151,70.151,70.151,0.0
2026-02-23T07:56:36.619273,70.104,70.104,70.104,0.0
2026-02-23T07:56:36.692835,70.086,70.086,70.086,0.0
2026-02-23T07:56:36.766087,70.078,70.078,70.078,0.0
2026-02-23T07:56:36.838974,70.063,70.063,70.063,0.0
2026-02-23T07:56:36.912196,70.092,70.092,70.092,0.0
2026-02-23T07:56:36.986216,70.855,70.855,70.855,0.0
2026-02-23T07:56:37.059535,70.12,70.12,70.12,0.0
2026-02-23T07:56:37.132957,70.077,70.077,70.077,0.0
2026-02-23T07:56:37.206366,70.07,70.07,70.07,0.0
2026-02-23T07:56:37.279554,70.089,70.089,70.089,0.0
2026-02-23T07:56:37.352979,70.069,70.069,70.069,0.0
2026-02-23T07:56:37.426096,70.133,70.133,70.133,0.0
2026-02-23T07:56:47.428861,,,,100.0
2026-02-23T07:56:47.502286,70.104,70.104,70.104,0.0
2026-02-23T07:56:47.575190,70.091,70.091,70.091,0.0
2026-02-23T07:56:47.648480,70.125,70.125,70.125,0.0
2026-02-23T07:56:47.722142,70.087,70.087,70.087,0.0
2026-02-23T07:56:57.725756,,,,100.0
2026-02-23T07:56:57.799984,70.104,70.104,70.104,0.0
2026-02-23T07:56:57.873673,70.089,70.089,70.089,0.0
2026-02-23T07:56:57.947298,70.098,70.098,70.098,0.0
2026-02-23T07:56:58.020911,70.133,70.133,70.133,0.0
2026-02-23T07:56:58.094190,70.339,70.339,70.339,0.0
2026-02-23T07:56:58.167457,70.119,70.119,70.119,0.0
2026-02-23T07:56:58.240418,70.088,70.088,70.088,0.0
2026-02-23T07:56:58.313756,70.124,70.124,70.124,0.0
2026-02-23T07:56:58.386591,70.089,70.089,70.089,0.0
2026-02-23T07:56:58.460215,71.046,71.046,71.046,0.0
2026-02-23T07:56:58.533600,70.134,70.134,70.134,0.0
2026-02-23T07:56:58.607044,70.108,70.108,70.108,0.0
2026-02-23T07:56:58.680631,70.082,70.082,70.082,0.0
2026-02-23T07:56:58.753844,70.123,70.123,70.123,0.0
2026-02-23T07:56:58.827459,70.161,70.161,70.161,0.0
2026-02-23T07:56:58.900405,70.135,70.135,70.135,0.0
2026-02-23T07:56:58.972971,70.097,70.097,70.097,0.0
2026-02-23T07:56:59.046726,70.161,70.161,70.161,0.0
2026-02-23T07:56:59.120554,70.107,70.107,70.107,0.0
2026-02-23T07:56:59.193822,70.168,70.168,70.168,0.0
2026-02-23T07:56:59.267188,70.134,70.134,70.134,0.0
2026-02-23T07:56:59.340994,70.187,70.187,70.187,0.0
2026-02-23T07:56:59.414305,70.171,70.171,70.171,0.0
2026-02-23T07:56:59.486947,70.163,70.163,70.163,0.0
2026-02-23T07:56:59.560279,70.107,70.107,70.107,0.0
2026-02-23T07:56:59.633575,70.147,70.147,70.147,0.0
2026-02-23T07:56:59.706907,70.091,70.091,70.091,0.0
2026-02-23T07:56:59.779693,70.126,70.126,70.126,0.0
2026-02-23T07:56:59.853308,70.138,70.138,70.138,0.0
2026-02-23T07:56:59.926800,70.198,70.198,70.198,0.0
2026-02-23T07:56:59.999887,70.109,70.109,70.109,0.0
2026-02-23T07:57:00.072883,70.153,70.153,70.153,0.0
2026-02-23T07:57:00.146311,70.104,70.104,70.104,0.0
2026-02-23T07:57:00.219608,70.111,70.111,70.111,0.0
2026-02-23T07:57:00.292743,70.11,70.11,70.11,0.0
2026-02-23T07:57:00.366011,70.178,70.178,70.178,0.0
2026-02-23T07:57:00.439809,70.169,70.169,70.169,0.0
2026-02-23T07:57:00.513445,70.113,70.113,70.113,0.0
2026-02-23T07:57:00.586195,70.08,70.08,70.08,0.0
2026-02-23T07:57:00.659790,70.057,70.057,70.057,0.0
2026-02-23T07:57:00.732869,70.064,70.064,70.064,0.0
2026-02-23T07:57:00.806271,70.074,70.074,70.074,0.0
2026-02-23T07:57:00.879203,70.065,70.065,70.065,0.0
2026-02-23T07:57:00.952280,70.104,70.104,70.104,0.0
2026-02-23T07:57:01.025259,70.086,70.086,70.086,0.0
2026-02-23T07:57:01.098844,70.059,70.059,70.059,0.0
2026-02-23T07:57:01.171937,70.061,70.061,70.061,0.0
2026-02-23T07:57:01.245154,70.068,70.068,70.068,0.0
2026-02-23T07:57:01.318572,70.067,70.067,70.067,0.0
2026-02-23T07:57:01.391097,70.065,70.065,70.065,0.0
2026-02-23T07:57:01.463814,70.08,70.08,70.08,0.0
2026-02-23T07:57:01.537460,70.067,70.067,70.067,0.0
2026-02-23T07:57:01.611025,70.058,70.058,70.058,0.0
2026-02-23T07:57:11.614939,,,,100.0
2026-02-23T07:57:11.689082,70.095,70.095,70.095,0.0
2026-02-23T07:57:11.762955,70.211,70.211,70.211,0.0
2026-02-23T07:57:11.836866,70.11,70.11,70.11,0.0
2026-02-23T07:57:21.840509,,,,100.0
2026-02-23T07:57:21.914558,70.139,70.139,70.139,0.0
2026-02-23T07:57:21.988826,70.111,70.111,70.111,0.0
2026-02-23T07:57:22.061960,70.052,70.052,70.052,0.0
2026-02-23T07:57:22.134932,70.057,70.057,70.057,0.0
2026-02-23T07:57:22.207979,70.092,70.092,70.092,0.0
2026-02-23T07:57:22.280924,70.055,70.055,70.055,0.0
2026-02-23T07:57:22.353913,70.041,70.041,70.041,0.0
2026-02-23T07:57:22.426725,70.071,70.071,70.071,0.0
2026-02-23T07:57:22.499661,70.079,70.079,70.079,0.0
2026-02-23T07:57:22.573043,70.059,70.059,70.059,0.0
2026-02-23T07:57:22.646212,70.085,70.085,70.085,0.0
2026-02-23T07:57:22.719559,70.116,70.116,70.116,0.0
2026-02-23T07:57:22.795873,72.795,72.795,72.795,0.0
2026-02-23T07:57:22.868939,70.066,70.066,70.066,0.0
2026-02-23T07:57:22.942239,70.058,70.058,70.058,0.0
2026-02-23T07:57:23.015426,70.103,70.103,70.103,0.0
2026-02-23T07:57:33.018592,,,,100.0
2026-02-23T07:57:43.022209,,,,100.0
2026-02-23T07:57:43.096285,70.131,70.131,70.131,0.0
2026-02-23T07:57:43.169845,70.08,70.08,70.08,0.0
2026-02-23T07:57:43.243493,70.077,70.077,70.077,0.0
2026-02-23T07:57:43.317077,70.058,70.058,70.058,0.0
2026-02-23T07:57:43.390266,70.078,70.078,70.078,0.0
2026-02-23T07:57:43.463017,70.065,70.065,70.065,0.0
2026-02-23T07:57:43.536913,70.155,70.155,70.155,0.0
2026-02-23T07:57:43.610173,70.056,70.056,70.056,0.0
2026-02-23T07:57:43.683551,70.048,70.048,70.048,0.0
2026-02-23T07:57:43.757097,70.061,70.061,70.061,0.0
2026-02-23T07:57:43.830159,70.077,70.077,70.077,0.0
2026-02-23T07:57:43.903326,70.076,70.076,70.076,0.0
2026-02-23T07:57:43.976562,70.071,70.071,70.071,0.0
2026-02-23T07:57:44.049146,70.061,70.061,70.061,0.0
2026-02-23T07:57:44.122532,70.135,70.135,70.135,0.0
2026-02-23T07:57:44.195202,70.075,70.075,70.075,0.0
2026-02-23T07:57:44.268870,70.12,70.12,70.12,0.0
2026-02-23T07:57:44.342545,70.072,70.072,70.072,0.0
2026-02-23T07:57:44.415779,70.062,70.062,70.062,0.0
2026-02-23T07:57:44.488800,70.114,70.114,70.114,0.0
2026-02-23T07:57:44.562254,70.078,70.078,70.078,0.0
2026-02-23T07:57:44.635556,70.152,70.152,70.152,0.0
2026-02-23T07:57:44.708953,70.074,70.074,70.074,0.0
2026-02-23T07:57:44.782138,70.054,70.054,70.054,0.0
2026-02-23T07:57:44.855101,70.072,70.072,70.072,0.0
2026-02-23T07:57:44.928013,70.069,70.069,70.069,0.0
2026-02-23T07:57:45.001459,70.066,70.066,70.066,0.0
2026-02-23T07:57:45.074574,70.076,70.076,70.076,0.0
2026-02-23T07:57:45.147379,70.087,70.087,70.087,0.0
2026-02-23T07:57:45.220489,70.064,70.064,70.064,0.0
2026-02-23T07:57:45.293966,70.109,70.109,70.109,0.0
2026-02-23T07:57:45.367508,70.077,70.077,70.077,0.0
2026-02-23T07:57:45.440548,70.13,70.13,70.13,0.0
2026-02-23T07:57:45.513903,70.074,70.074,70.074,0.0
2026-02-23T07:57:45.587453,70.073,70.073,70.073,0.0
2026-02-23T07:57:55.590508,,,,100.0
2026-02-23T07:58:05.593898,,,,100.0
2026-02-23T07:58:05.668148,70.067,70.067,70.067,0.0
2026-02-23T07:58:05.741909,70.083,70.083,70.083,0.0
2026-02-23T07:58:05.815849,70.132,70.132,70.132,0.0
2026-02-23T07:58:05.889533,70.133,70.133,70.133,0.0
2026-02-23T07:58:05.962949,70.112,70.112,70.112,0.0
2026-02-23T07:58:06.036598,70.097,70.097,70.097,0.0
2026-02-23T07:58:06.109418,70.136,70.136,70.136,0.0
2026-02-23T07:58:06.181817,70.118,70.118,70.118,0.0
2026-02-23T07:58:06.255067,70.064,70.064,70.064,0.0
2026-02-23T07:58:06.328096,70.08,70.08,70.08,0.0
2026-02-23T07:58:06.401061,70.366,70.366,70.366,0.0
2026-02-23T07:58:06.474034,70.064,70.064,70.064,0.0
2026-02-23T07:58:06.547796,70.085,70.085,70.085,0.0
2026-02-23T07:58:06.621251,70.127,70.127,70.127,0.0
2026-02-23T07:58:06.694863,70.066,70.066,70.066,0.0
2026-02-23T07:58:06.768081,70.064,70.064,70.064,0.0
2026-02-23T07:58:06.841095,70.079,70.079,70.079,0.0
2026-02-23T07:58:06.914096,70.15,70.15,70.15,0.0
2026-02-23T07:58:06.987166,70.069,70.069,70.069,0.0
2026-02-23T07:58:07.060309,70.074,70.074,70.074,0.0
2026-02-23T07:58:07.133951,70.065,70.065,70.065,0.0
2026-02-23T07:58:07.207060,70.14,70.14,70.14,0.0
2026-02-23T07:58:07.280071,70.072,70.072,70.072,0.0
2026-02-23T07:58:07.353524,70.079,70.079,70.079,0.0
2026-02-23T07:58:07.426841,70.074,70.074,70.074,0.0
2026-02-23T07:58:07.499995,70.124,70.124,70.124,0.0
2026-02-23T07:58:07.573040,70.078,70.078,70.078,0.0
2026-02-23T07:58:07.646480,70.111,70.111,70.111,0.0
2026-02-23T07:58:07.719645,70.08,70.08,70.08,0.0
2026-02-23T07:58:07.792489,70.066,70.066,70.066,0.0
2026-02-23T07:58:07.865924,70.063,70.063,70.063,0.0
2026-02-23T07:58:07.938874,70.083,70.083,70.083,0.0
2026-02-23T07:58:08.012211,70.063,70.063,70.063,0.0
2026-02-23T07:58:08.085820,70.104,70.104,70.104,0.0
2026-02-23T07:58:08.158843,70.102,70.102,70.102,0.0
2026-02-23T07:58:08.231848,70.052,70.052,70.052,0.0
2026-02-23T07:58:08.304616,70.088,70.088,70.088,0.0
2026-02-23T07:58:08.378252,70.073,70.073,70.073,0.0
2026-02-23T07:58:08.451810,70.161,70.161,70.161,0.0
2026-02-23T07:58:18.454919,,,,100.0
2026-02-23T07:58:18.528973,70.126,70.126,70.126,0.0
2026-02-23T07:58:18.603163,70.082,70.082,70.082,0.0
2026-02-23T07:58:18.677005,70.096,70.096,70.096,0.0
2026-02-23T07:58:18.750707,70.092,70.092,70.092,0.0
2026-02-23T07:58:18.824085,70.081,70.081,70.081,0.0
2026-02-23T07:58:18.897531,70.083,70.083,70.083,0.0
2026-02-23T07:58:18.971187,70.12,70.12,70.12,0.0
2026-02-23T07:58:19.044307,70.089,70.089,70.089,0.0
2026-02-23T07:58:19.116450,70.083,70.083,70.083,0.0
2026-02-23T07:58:19.189114,70.07,70.07,70.07,0.0
2026-02-23T07:58:19.262934,70.126,70.126,70.126,0.0
2026-02-23T07:58:19.336390,70.086,70.086,70.086,0.0
2026-02-23T07:58:19.409336,70.113,70.113,70.113,0.0
2026-02-23T07:58:19.482550,70.102,70.102,70.102,0.0
2026-02-23T07:58:19.556452,70.073,70.073,70.073,0.0
2026-02-23T07:58:19.629890,70.074,70.074,70.074,0.0
2026-02-23T07:58:19.703216,70.113,70.113,70.113,0.0
2026-02-23T07:58:19.776903,70.105,70.105,70.105,0.0
2026-02-23T07:58:19.849688,70.07,70.07,70.07,0.0
2026-02-23T07:58:19.923105,70.108,70.108,70.108,0.0
2026-02-23T07:58:29.926687,,,,100.0
2026-02-23T07:58:30.000535,70.118,70.118,70.118,0.0
2026-02-23T07:58:30.073798,70.079,70.079,70.079,0.0
2026-02-23T07:58:30.147253,70.075,70.075,70.075,0.0
2026-02-23T07:58:30.220211,70.082,70.082,70.082,0.0
2026-02-23T07:58:30.293923,70.139,70.139,70.139,0.0
2026-02-23T07:58:30.366798,70.077,70.077,70.077,0.0
2026-02-23T07:58:30.439897,70.08,70.08,70.08,0.0
2026-02-23T07:58:30.513591,70.088,70.088,70.088,0.0
2026-02-23T07:58:40.516846,,,,100.0
2026-02-23T07:58:40.590168,70.118,70.118,70.118,0.0
2026-02-23T07:58:40.664843,70.116,70.116,70.116,0.0
2026-02-23T07:58:40.738274,70.083,70.083,70.083,0.0
2026-02-23T07:58:40.812239,70.07,70.07,70.07,0.0
2026-02-23T07:58:40.885836,70.093,70.093,70.093,0.0
2026-02-23T07:58:40.958894,70.072,70.072,70.072,0.0
2026-02-23T07:58:41.032328,70.086,70.086,70.086,0.0
2026-02-23T07:58:51.035094,,,,100.0
2026-02-23T07:58:51.108776,70.132,70.132,70.132,0.0
2026-02-23T07:58:51.182319,70.105,70.105,70.105,0.0
2026-02-23T07:58:51.255847,70.06,70.06,70.06,0.0
2026-02-23T07:58:51.328273,70.051,70.051,70.051,0.0
2026-02-23T07:58:51.400550,70.107,70.107,70.107,0.0
2026-02-23T07:58:51.473825,70.135,70.135,70.135,0.0
2026-02-23T07:58:51.547180,70.081,70.081,70.081,0.0
2026-02-23T07:58:51.620539,70.105,70.105,70.105,0.0
2026-02-23T07:58:51.693973,70.087,70.087,70.087,0.0
2026-02-23T07:58:51.767319,70.132,70.132,70.132,0.0
2026-02-23T07:58:51.840415,70.058,70.058,70.058,0.0
2026-02-23T07:58:51.913502,70.079,70.079,70.079,0.0
2026-02-23T07:58:51.987485,70.097,70.097,70.097,0.0
2026-02-23T07:58:52.061124,70.108,70.108,70.108,0.0
2026-02-23T07:58:52.134657,70.09,70.09,70.09,0.0
2026-02-23T07:58:52.208582,70.139,70.139,70.139,0.0
2026-02-23T07:58:52.282087,70.082,70.082,70.082,0.0
2026-02-23T07:58:52.355569,70.078,70.078,70.078,0.0
2026-02-23T07:58:52.429249,70.09,70.09,70.09,0.0
2026-02-23T07:58:52.502593,70.081,70.081,70.081,0.0
2026-02-23T07:58:52.575624,70.1,70.1,70.1,0.0
2026-02-23T07:58:52.648409,70.111,70.111,70.111,0.0
2026-02-23T07:58:52.722013,70.13,70.13,70.13,0.0
2026-02-23T07:58:52.795236,70.106,70.106,70.106,0.0
2026-02-23T07:58:52.868575,70.084,70.084,70.084,0.0
2026-02-23T07:58:52.942479,70.124,70.124,70.124,0.0
2026-02-23T07:58:53.016126,70.058,70.058,70.058,0.0
2026-02-23T07:58:53.089191,70.113,70.113,70.113,0.0
2026-02-23T07:58:53.162648,70.099,70.099,70.099,0.0
2026-02-23T07:58:53.235895,70.105,70.105,70.105,0.0
2026-02-23T07:58:53.308454,70.044,70.044,70.044,0.0
2026-02-23T07:58:53.380782,70.078,70.078,70.078,0.0
2026-02-23T07:58:53.454020,70.103,70.103,70.103,0.0
2026-02-23T07:58:53.527844,70.123,70.123,70.123,0.0
2026-02-23T07:58:53.601284,70.111,70.111,70.111,0.0
2026-02-23T07:58:53.674559,70.075,70.075,70.075,0.0
2026-02-23T07:58:53.747950,70.08,70.08,70.08,0.0
2026-02-23T07:58:53.821214,70.128,70.128,70.128,0.0
2026-02-23T07:58:53.895495,71.225,71.225,71.225,0.0
2026-02-23T07:58:53.967934,70.149,70.149,70.149,0.0
2026-02-23T07:58:54.041645,70.11,70.11,70.11,0.0
2026-02-23T07:58:54.114957,70.084,70.084,70.084,0.0
2026-02-23T07:59:04.118528,,,,100.0
2026-02-23T07:59:04.192443,70.131,70.131,70.131,0.0
2026-02-23T07:59:04.266124,70.084,70.084,70.084,0.0
2026-02-23T07:59:04.339345,70.081,70.081,70.081,0.0
2026-02-23T07:59:04.413311,70.056,70.056,70.056,0.0
2026-02-23T07:59:14.416652,,,,100.0
2026-02-23T07:59:14.489434,70.046,70.046,70.046,0.0
2026-02-23T07:59:14.561859,70.055,70.055,70.055,0.0
2026-02-23T07:59:14.635107,70.084,70.084,70.084,0.0
2026-02-23T07:59:14.709058,70.084,70.084,70.084,0.0
2026-02-23T07:59:14.782724,70.114,70.114,70.114,0.0
2026-02-23T07:59:14.856831,70.083,70.083,70.083,0.0
2026-02-23T07:59:14.930697,70.126,70.126,70.126,0.0
2026-02-23T07:59:15.004530,70.095,70.095,70.095,0.0
2026-02-23T07:59:15.077834,70.067,70.067,70.067,0.0
2026-02-23T07:59:15.151499,70.078,70.078,70.078,0.0
2026-02-23T07:59:15.225090,70.067,70.067,70.067,0.0
2026-02-23T07:59:15.298387,70.068,70.068,70.068,0.0
2026-02-23T07:59:15.370821,70.08,70.08,70.08,0.0
2026-02-23T07:59:15.444213,70.096,70.096,70.096,0.0
2026-02-23T07:59:15.517419,70.04,70.04,70.04,0.0
2026-02-23T07:59:15.590662,70.114,70.114,70.114,0.0
2026-02-23T07:59:15.664049,70.087,70.087,70.087,0.0
2026-02-23T07:59:15.737537,70.119,70.119,70.119,0.0
2026-02-23T07:59:15.810771,70.117,70.117,70.117,0.0
2026-02-23T07:59:15.884496,70.103,70.103,70.103,0.0
2026-02-23T07:59:15.957900,70.146,70.146,70.146,0.0
2026-02-23T07:59:16.031065,70.119,70.119,70.119,0.0
2026-02-23T07:59:16.104024,70.088,70.088,70.088,0.0
2026-02-23T07:59:16.177481,70.109,70.109,70.109,0.0
2026-02-23T07:59:16.251189,70.084,70.084,70.084,0.0
2026-02-23T07:59:16.324242,70.058,70.058,70.058,0.0
2026-02-23T07:59:16.397085,70.072,70.072,70.072,0.0
2026-02-23T07:59:16.470316,70.08,70.08,70.08,0.0
2026-02-23T07:59:16.543920,70.103,70.103,70.103,0.0
2026-02-23T07:59:16.617096,70.08,70.08,70.08,0.0
2026-02-23T07:59:16.691840,71.533,71.533,71.533,0.0
2026-02-23T07:59:16.765027,70.089,70.089,70.089,0.0
2026-02-23T07:59:16.838742,70.147,70.147,70.147,0.0
2026-02-23T07:59:16.912006,70.087,70.087,70.087,0.0
2026-02-23T07:59:16.985958,70.117,70.117,70.117,0.0
2026-02-23T07:59:17.059481,70.119,70.119,70.119,0.0
2026-02-23T07:59:27.063103,,,,100.0
2026-02-23T07:59:27.137045,70.124,70.124,70.124,0.0
2026-02-23T07:59:27.211066,70.087,70.087,70.087,0.0
2026-02-23T07:59:27.284665,70.096,70.096,70.096,0.0
2026-02-23T07:59:27.358037,70.063,70.063,70.063,0.0
2026-02-23T07:59:27.431309,70.082,70.082,70.082,0.0
2026-02-23T07:59:27.504498,70.079,70.079,70.079,0.0
2026-02-23T07:59:27.577796,70.13,70.13,70.13,0.0
2026-02-23T07:59:27.650930,70.065,70.065,70.065,0.0
2026-02-23T07:59:27.723594,70.089,70.089,70.089,0.0
2026-02-23T07:59:27.796747,70.068,70.068,70.068,0.0
2026-02-23T07:59:27.869762,70.115,70.115,70.115,0.0
2026-02-23T07:59:27.942986,70.103,70.103,70.103,0.0
2026-02-23T07:59:28.016485,70.125,70.125,70.125,0.0
2026-02-23T07:59:28.089848,70.132,70.132,70.132,0.0
2026-02-23T07:59:28.162960,70.119,70.119,70.119,0.0
2026-02-23T07:59:28.236566,70.114,70.114,70.114,0.0
2026-02-23T07:59:28.309092,70.062,70.062,70.062,0.0
2026-02-23T07:59:28.382543,70.134,70.134,70.134,0.0
2026-02-23T07:59:28.455118,70.084,70.084,70.084,0.0
2026-02-23T07:59:28.528107,70.075,70.075,70.075,0.0
2026-02-23T07:59:28.601515,70.076,70.076,70.076,0.0
2026-02-23T07:59:28.674316,70.128,70.128,70.128,0.0
2026-02-23T07:59:28.747955,70.079,70.079,70.079,0.0
2026-02-23T07:59:28.821371,70.079,70.079,70.079,0.0
2026-02-23T07:59:28.894964,70.151,70.151,70.151,0.0
2026-02-23T07:59:28.968558,70.1,70.1,70.1,0.0
2026-02-23T07:59:29.042089,70.076,70.076,70.076,0.0
2026-02-23T07:59:29.115604,70.101,70.101,70.101,0.0
2026-02-23T07:59:29.188338,70.069,70.069,70.069,0.0
2026-02-23T07:59:29.261912,70.089,70.089,70.089,0.0
2026-02-23T07:59:29.335697,70.094,70.094,70.094,0.0
2026-02-23T07:59:29.408853,70.087,70.087,70.087,0.0
2026-02-23T07:59:29.482596,70.129,70.129,70.129,0.0
2026-02-23T07:59:29.555236,70.078,70.078,70.078,0.0
2026-02-23T07:59:39.558845,,,,100.0
2026-02-23T07:59:39.633118,70.1,70.1,70.1,0.0
2026-02-23T07:59:39.707532,70.12,70.12,70.12,0.0
2026-02-23T07:59:39.780900,70.088,70.088,70.088,0.0
2026-02-23T07:59:49.784655,,,,100.0
2026-02-23T07:59:49.857861,70.113,70.113,70.113,0.0
2026-02-23T07:59:59.861741,,,,100.0
2026-02-23T08:00:09.865459,,,,100.0
2026-02-23T08:00:09.939466,70.077,70.077,70.077,0.0
2026-02-23T08:00:10.013319,70.069,70.069,70.069,0.0
2026-02-23T08:00:10.087056,70.073,70.073,70.073,0.0
2026-02-23T08:00:10.159962,70.043,70.043,70.043,0.0
2026-02-23T08:00:10.232049,70.06,70.06,70.06,0.0
2026-02-23T08:00:10.305078,70.065,70.065,70.065,0.0
2026-02-23T08:00:10.378757,70.124,70.124,70.124,0.0
2026-02-23T08:00:10.452453,70.114,70.114,70.114,0.0
2026-02-23T08:00:10.527963,71.816,71.816,71.816,0.0
2026-02-23T08:00:10.602412,71.065,71.065,71.065,0.0
2026-02-23T08:00:10.675715,70.082,70.082,70.082,0.0
2026-02-23T08:00:10.749040,70.107,70.107,70.107,0.0
2026-02-23T08:00:10.822285,70.093,70.093,70.093,0.0
2026-02-23T08:00:20.825727,,,,100.0
2026-02-23T08:00:20.899833,70.112,70.112,70.112,0.0
2026-02-23T08:00:20.975233,71.612,71.612,71.612,0.0
2026-02-23T08:00:21.049082,70.533,70.533,70.533,0.0
2026-02-23T08:00:21.122586,70.071,70.071,70.071,0.0
2026-02-23T08:00:21.195907,70.062,70.062,70.062,0.0
2026-02-23T08:00:21.269511,70.082,70.082,70.082,0.0
2026-02-23T08:00:21.343046,70.069,70.069,70.069,0.0
2026-02-23T08:00:21.416284,70.055,70.055,70.055,0.0
2026-02-23T08:00:21.488650,70.07,70.07,70.07,0.0
2026-02-23T08:00:21.562119,70.13,70.13,70.13,0.0
2026-02-23T08:00:21.635594,70.082,70.082,70.082,0.0
2026-02-23T08:00:21.708647,70.109,70.109,70.109,0.0
2026-02-23T08:00:21.782116,70.073,70.073,70.073,0.0
2026-02-23T08:00:21.855330,70.079,70.079,70.079,0.0
2026-02-23T08:00:21.928812,70.075,70.075,70.075,0.0
2026-02-23T08:00:22.002130,70.072,70.072,70.072,0.0
2026-02-23T08:00:22.075495,70.073,70.073,70.073,0.0
2026-02-23T08:00:22.149024,70.071,70.071,70.071,0.0
2026-02-23T08:00:22.222572,70.08,70.08,70.08,0.0
2026-02-23T08:00:22.296039,70.06,70.06,70.06,0.0
2026-02-23T08:00:22.369290,70.111,70.111,70.111,0.0
2026-02-23T08:00:22.442929,70.085,70.085,70.085,0.0
2026-02-23T08:00:22.516298,70.069,70.069,70.069,0.0
2026-02-23T08:00:22.589739,70.116,70.116,70.116,0.0
2026-02-23T08:00:22.663251,70.222,70.222,70.222,0.0
2026-02-23T08:00:22.736556,70.085,70.085,70.085,0.0
2026-02-23T08:00:22.809316,70.084,70.084,70.084,0.0
2026-02-23T08:00:22.882742,70.096,70.096,70.096,0.0
2026-02-23T08:00:22.955701,70.084,70.084,70.084,0.0
2026-02-23T08:00:23.028446,70.099,70.099,70.099,0.0
2026-02-23T08:00:23.101837,70.085,70.085,70.085,0.0
2026-02-23T08:00:23.174918,70.095,70.095,70.095,0.0
2026-02-23T08:00:23.247306,70.118,70.118,70.118,0.0
2026-02-23T08:00:23.320556,70.127,70.127,70.127,0.0
2026-02-23T08:00:23.394051,70.068,70.068,70.068,0.0
2026-02-23T08:00:23.467578,70.099,70.099,70.099,0.0
2026-02-23T08:00:23.540583,70.064,70.064,70.064,0.0
2026-02-23T08:00:23.613504,70.084,70.084,70.084,0.0
2026-02-23T08:00:23.686320,70.08,70.08,70.08,0.0
2026-02-23T08:00:23.759504,70.068,70.068,70.068,0.0
2026-02-23T08:00:23.832018,70.064,70.064,70.064,0.0
2026-02-23T08:00:23.904850,70.076,70.076,70.076,0.0
2026-02-23T08:00:23.977074,70.055,70.055,70.055,0.0
2026-02-23T08:00:24.049603,70.083,70.083,70.083,0.0
2026-02-23T08:00:24.123106,70.124,70.124,70.124,0.0
2026-02-23T08:00:24.195510,70.069,70.069,70.069,0.0
2026-02-23T08:00:24.268538,70.127,70.127,70.127,0.0
2026-02-23T08:00:24.342019,70.069,70.069,70.069,0.0
2026-02-23T08:00:24.414607,70.115,70.115,70.115,0.0
2026-02-23T08:00:24.487820,70.398,70.398,70.398,0.0
2026-02-23T08:00:24.561534,70.438,70.438,70.438,0.0
2026-02-23T08:00:24.634847,70.058,70.058,70.058,0.0
2026-02-23T08:00:24.708165,70.129,70.129,70.129,0.0
2026-02-23T08:00:24.781811,70.123,70.123,70.123,0.0
2026-02-23T08:00:24.854886,70.08,70.08,70.08,0.0
2026-02-23T08:00:24.928285,70.14,70.14,70.14,0.0
2026-02-23T08:00:25.001856,70.089,70.089,70.089,0.0
2026-02-23T08:00:25.075022,70.06,70.06,70.06,0.0
2026-02-23T08:00:25.148547,70.083,70.083,70.083,0.0
2026-02-23T08:00:25.221870,70.052,70.052,70.052,0.0
2026-02-23T08:00:25.294551,70.085,70.085,70.085,0.0
2026-02-23T08:00:25.367711,70.105,70.105,70.105,0.0
2026-02-23T08:00:25.441161,70.076,70.076,70.076,0.0
2026-02-23T08:00:25.514754,70.105,70.105,70.105,0.0
2026-02-23T08:00:25.588166,70.083,70.083,70.083,0.0
2026-02-23T08:00:25.661580,70.126,70.126,70.126,0.0
2026-02-23T08:00:25.735024,70.14,70.14,70.14,0.0
2026-02-23T08:00:25.808538,70.083,70.083,70.083,0.0
2026-02-23T08:00:25.882033,70.076,70.076,70.076,0.0
2026-02-23T08:00:35.884953,,,,100.0
2026-02-23T08:00:35.958830,70.136,70.136,70.136,0.0
2026-02-23T08:00:36.031774,70.127,70.127,70.127,0.0
2026-02-23T08:00:36.105463,70.138,70.138,70.138,0.0
2026-02-23T08:00:36.179322,70.077,70.077,70.077,0.0
2026-02-23T08:00:36.252746,70.07,70.07,70.07,0.0
2026-02-23T08:00:36.326038,70.086,70.086,70.086,0.0
2026-02-23T08:00:36.398954,70.085,70.085,70.085,0.0
2026-02-23T08:00:36.472785,70.07,70.07,70.07,0.0
2026-02-23T08:00:36.546599,70.102,70.102,70.102,0.0
2026-02-23T08:00:36.619260,70.061,70.061,70.061,0.0
2026-02-23T08:00:36.692611,70.082,70.082,70.082,0.0
2026-02-23T08:00:36.765818,70.096,70.096,70.096,0.0
2026-02-23T08:00:36.838860,70.067,70.067,70.067,0.0
2026-02-23T08:00:36.911913,70.047,70.047,70.047,0.0
2026-02-23T08:00:36.984482,70.074,70.074,70.074,0.0
2026-02-23T08:00:37.057423,70.065,70.065,70.065,0.0
2026-02-23T08:00:37.130316,70.099,70.099,70.099,0.0
2026-02-23T08:00:37.203772,70.08,70.08,70.08,0.0
2026-02-23T08:00:37.277099,70.052,70.052,70.052,0.0
2026-02-23T08:00:37.350044,70.066,70.066,70.066,0.0
2026-02-23T08:00:37.423508,70.136,70.136,70.136,0.0
2026-02-23T08:00:37.496060,70.1,70.1,70.1,0.0
2026-02-23T08:00:37.569054,70.072,70.072,70.072,0.0
2026-02-23T08:00:37.642617,70.056,70.056,70.056,0.0
2026-02-23T08:00:37.716036,70.091,70.091,70.091,0.0
2026-02-23T08:00:37.789181,70.074,70.074,70.074,0.0
2026-02-23T08:00:37.862494,70.069,70.069,70.069,0.0
2026-02-23T08:00:37.935941,70.103,70.103,70.103,0.0
2026-02-23T08:00:38.008919,70.087,70.087,70.087,0.0
2026-02-23T08:00:38.082637,70.088,70.088,70.088,0.0
2026-02-23T08:00:38.156743,70.664,70.664,70.664,0.0
2026-02-23T08:00:38.229904,70.073,70.073,70.073,0.0
2026-02-23T08:00:38.303035,70.06,70.06,70.06,0.0
2026-02-23T08:00:38.376760,70.065,70.065,70.065,0.0
2026-02-23T08:00:38.450041,70.08,70.08,70.08,0.0
2026-02-23T08:00:38.523887,70.057,70.057,70.057,0.0
2026-02-23T08:00:38.597265,70.062,70.062,70.062,0.0
2026-02-23T08:00:38.671860,71.447,71.447,71.447,0.0
2026-02-23T08:00:38.744892,70.04,70.04,70.04,0.0
2026-02-23T08:00:38.817966,70.057,70.057,70.057,0.0
2026-02-23T08:00:38.891540,70.061,70.061,70.061,0.0
2026-02-23T08:00:38.964660,70.123,70.123,70.123,0.0
2026-02-23T08:00:39.037829,70.061,70.061,70.061,0.0
2026-02-23T08:00:39.111480,70.061,70.061,70.061,0.0
2026-02-23T08:00:39.185039,70.062,70.062,70.062,0.0
2026-02-23T08:00:39.258737,70.085,70.085,70.085,0.0
2026-02-23T08:00:49.262150,,,,100.0
2026-02-23T08:00:49.336254,70.077,70.077,70.077,0.0
2026-02-23T08:00:49.410010,70.051,70.051,70.051,0.0
2026-02-23T08:00:49.483981,70.068,70.068,70.068,0.0
2026-02-23T08:00:49.557889,70.07,70.07,70.07,0.0
2026-02-23T08:00:49.630961,70.052,70.052,70.052,0.0
2026-02-23T08:00:59.634094,,,,100.0
2026-02-23T08:00:59.708515,70.1,70.1,70.1,0.0
2026-02-23T08:00:59.782013,70.06,70.06,70.06,0.0
2026-02-23T08:00:59.855703,70.072,70.072,70.072,0.0
2026-02-23T08:00:59.929030,70.061,70.061,70.061,0.0
2026-02-23T08:01:00.002034,70.059,70.059,70.059,0.0
2026-02-23T08:01:00.075990,70.084,70.084,70.084,0.0
2026-02-23T08:01:00.149817,70.054,70.054,70.054,0.0
2026-02-23T08:01:00.223114,70.043,70.043,70.043,0.0
2026-02-23T08:01:00.296030,70.063,70.063,70.063,0.0
2026-02-23T08:01:00.369896,70.078,70.078,70.078,0.0
2026-02-23T08:01:00.443583,70.082,70.082,70.082,0.0
2026-02-23T08:01:00.516467,70.074,70.074,70.074,0.0
2026-02-23T08:01:00.589869,70.062,70.062,70.062,0.0
2026-02-23T08:01:00.663641,70.078,70.078,70.078,0.0
2026-02-23T08:01:00.736927,70.119,70.119,70.119,0.0
2026-02-23T08:01:00.809974,70.057,70.057,70.057,0.0
2026-02-23T08:01:00.883782,70.057,70.057,70.057,0.0
2026-02-23T08:01:00.956937,70.067,70.067,70.067,0.0
2026-02-23T08:01:01.030459,70.067,70.067,70.067,0.0
2026-02-23T08:01:01.103758,70.113,70.113,70.113,0.0
2026-02-23T08:01:01.177425,70.088,70.088,70.088,0.0
2026-02-23T08:01:01.251857,71.468,71.468,71.468,0.0
2026-02-23T08:01:01.325098,70.057,70.057,70.057,0.0
2026-02-23T08:01:01.398245,70.069,70.069,70.069,0.0
2026-02-23T08:01:01.471543,70.062,70.062,70.062,0.0
2026-02-23T08:01:01.544937,70.074,70.074,70.074,0.0
2026-02-23T08:01:01.618662,70.078,70.078,70.078,0.0
2026-02-23T08:01:01.691523,70.054,70.054,70.054,0.0
2026-02-23T08:01:01.764972,70.078,70.078,70.078,0.0
2026-02-23T08:01:01.838122,70.056,70.056,70.056,0.0
2026-02-23T08:01:11.841751,,,,100.0
2026-02-23T08:01:21.845594,,,,100.0
2026-02-23T08:01:21.919324,70.079,70.079,70.079,0.0
2026-02-23T08:01:21.993786,70.162,70.162,70.162,0.0
2026-02-23T08:01:22.067462,70.075,70.075,70.075,0.0
2026-02-23T08:01:32.071037,,,,100.0
2026-02-23T08:01:32.145527,70.087,70.087,70.087,0.0
2026-02-23T08:01:32.219576,70.118,70.118,70.118,0.0
2026-02-23T08:01:32.293468,71.403,71.403,71.403,0.0
2026-02-23T08:01:32.367119,70.079,70.079,70.079,0.0
2026-02-23T08:01:32.440599,70.117,70.117,70.117,0.0
2026-02-23T08:01:32.513697,70.122,70.122,70.122,0.0
2026-02-23T08:01:32.587016,70.068,70.068,70.068,0.0
2026-02-23T08:01:32.660627,70.08,70.08,70.08,0.0
2026-02-23T08:01:32.733569,70.086,70.086,70.086,0.0
2026-02-23T08:01:32.806883,70.064,70.064,70.064,0.0
2026-02-23T08:01:32.880623,70.068,70.068,70.068,0.0
2026-02-23T08:01:32.954108,70.094,70.094,70.094,0.0
2026-02-23T08:01:33.026788,70.056,70.056,70.056,0.0
2026-02-23T08:01:33.099274,70.076,70.076,70.076,0.0
2026-02-23T08:01:33.172991,70.129,70.129,70.129,0.0
2026-02-23T08:01:33.246483,70.488,70.488,70.488,0.0
2026-02-23T08:01:33.319929,70.066,70.066,70.066,0.0
2026-02-23T08:01:33.393506,70.071,70.071,70.071,0.0
2026-02-23T08:01:33.466890,70.052,70.052,70.052,0.0
2026-02-23T08:01:33.539943,70.084,70.084,70.084,0.0
2026-02-23T08:01:33.613512,70.076,70.076,70.076,0.0
2026-02-23T08:01:33.687084,70.066,70.066,70.066,0.0
2026-02-23T08:01:33.760513,70.082,70.082,70.082,0.0
2026-02-23T08:01:33.834215,70.079,70.079,70.079,0.0
2026-02-23T08:01:33.907809,70.112,70.112,70.112,0.0
2026-02-23T08:01:33.981298,70.064,70.064,70.064,0.0
2026-02-23T08:01:34.054801,70.079,70.079,70.079,0.0
2026-02-23T08:01:34.128329,70.133,70.133,70.133,0.0
2026-02-23T08:01:34.201634,70.09,70.09,70.09,0.0
2026-02-23T08:01:34.274424,70.081,70.081,70.081,0.0
2026-02-23T08:01:34.347989,70.112,70.112,70.112,0.0
2026-02-23T08:01:34.421132,70.13,70.13,70.13,0.0
2026-02-23T08:01:34.493933,70.073,70.073,70.073,0.0
2026-02-23T08:01:34.566909,70.1,70.1,70.1,0.0
2026-02-23T08:01:34.639984,70.058,70.058,70.058,0.0
2026-02-23T08:01:34.712874,70.11,70.11,70.11,0.0
2026-02-23T08:01:34.785785,70.075,70.075,70.075,0.0
2026-02-23T08:01:34.859560,70.153,70.153,70.153,0.0
2026-02-23T08:01:44.862579,,,,100.0
2026-02-23T08:01:44.935777,70.137,70.137,70.137,0.0
2026-02-23T08:01:45.009090,70.065,70.065,70.065,0.0
2026-02-23T08:01:45.082484,70.089,70.089,70.089,0.0
2026-02-23T08:01:45.155057,70.096,70.096,70.096,0.0
2026-02-23T08:01:45.227735,70.045,70.045,70.045,0.0
2026-02-23T08:01:45.300496,70.133,70.133,70.133,0.0
2026-02-23T08:01:45.373206,70.132,70.132,70.132,0.0
2026-02-23T08:01:45.446947,70.085,70.085,70.085,0.0
2026-02-23T08:01:45.520413,70.076,70.076,70.076,0.0
2026-02-23T08:01:45.593190,70.129,70.129,70.129,0.0
2026-02-23T08:01:45.666842,70.068,70.068,70.068,0.0
2026-02-23T08:01:45.740088,70.066,70.066,70.066,0.0
2026-02-23T08:01:45.813806,70.093,70.093,70.093,0.0
2026-02-23T08:01:45.886735,70.109,70.109,70.109,0.0
2026-02-23T08:01:45.959292,70.064,70.064,70.064,0.0
2026-02-23T08:01:46.032679,70.083,70.083,70.083,0.0
2026-02-23T08:01:46.105898,70.111,70.111,70.111,0.0
2026-02-23T08:01:46.179170,70.094,70.094,70.094,0.0
2026-02-23T08:01:46.251899,70.095,70.095,70.095,0.0
2026-02-23T08:01:46.325161,70.122,70.122,70.122,0.0
2026-02-23T08:01:46.398265,70.067,70.067,70.067,0.0
2026-02-23T08:01:46.470983,70.128,70.128,70.128,0.0
2026-02-23T08:01:46.544525,70.074,70.074,70.074,0.0
2026-02-23T08:01:46.617845,70.083,70.083,70.083,0.0
2026-02-23T08:01:46.691235,70.062,70.062,70.062,0.0
2026-02-23T08:01:46.764773,70.112,70.112,70.112,0.0
2026-02-23T08:01:46.838009,70.07,70.07,70.07,0.0
2026-02-23T08:01:46.910745,70.083,70.083,70.083,0.0
2026-02-23T08:01:46.983958,70.119,70.119,70.119,0.0
2026-02-23T08:01:47.057449,70.096,70.096,70.096,0.0
2026-02-23T08:01:47.130990,70.097,70.097,70.097,0.0
2026-02-23T08:01:47.204451,70.075,70.075,70.075,0.0
2026-02-23T08:01:47.278032,70.081,70.081,70.081,0.0
2026-02-23T08:01:47.351486,70.073,70.073,70.073,0.0
2026-02-23T08:01:47.424852,70.085,70.085,70.085,0.0
2026-02-23T08:01:47.498291,70.086,70.086,70.086,0.0
2026-02-23T08:01:47.571509,70.118,70.118,70.118,0.0
2026-02-23T08:01:47.645181,70.06,70.06,70.06,0.0
2026-02-23T08:01:47.718345,70.079,70.079,70.079,0.0
2026-02-23T08:01:47.791523,70.128,70.128,70.128,0.0
2026-02-23T08:01:57.794592,,,,100.0
2026-02-23T08:01:57.867899,70.149,70.149,70.149,0.0
2026-02-23T08:01:57.941749,70.098,70.098,70.098,0.0
2026-02-23T08:01:58.015008,70.086,70.086,70.086,0.0
2026-02-23T08:01:58.088548,70.157,70.157,70.157,0.0
2026-02-23T08:01:58.161966,70.096,70.096,70.096,0.0
2026-02-23T08:01:58.235215,70.087,70.087,70.087,0.0
2026-02-23T08:01:58.308529,70.087,70.087,70.087,0.0
2026-02-23T08:01:58.381901,70.186,70.186,70.186,0.0
2026-02-23T08:01:58.455299,70.095,70.095,70.095,0.0
2026-02-23T08:01:58.527818,70.076,70.076,70.076,0.0
2026-02-23T08:01:58.600534,70.115,70.115,70.115,0.0
2026-02-23T08:01:58.673708,70.175,70.175,70.175,0.0
2026-02-23T08:01:58.747097,70.089,70.089,70.089,0.0
2026-02-23T08:01:58.820101,70.094,70.094,70.094,0.0
2026-02-23T08:01:58.892934,70.21,70.21,70.21,0.0
2026-02-23T08:01:58.966177,70.117,70.117,70.117,0.0
2026-02-23T08:01:59.039795,70.216,70.216,70.216,0.0
2026-02-23T08:01:59.112934,70.122,70.122,70.122,0.0
2026-02-23T08:01:59.186268,70.101,70.101,70.101,0.0
2026-02-23T08:01:59.259293,70.116,70.116,70.116,0.0
2026-02-23T08:01:59.332823,70.229,70.229,70.229,0.0
2026-02-23T08:01:59.407029,70.268,70.268,70.268,0.0
2026-02-23T08:01:59.481263,70.142,70.142,70.142,0.0
2026-02-23T08:01:59.554735,70.224,70.224,70.224,0.0
2026-02-23T08:01:59.628674,70.208,70.208,70.208,0.0
2026-02-23T08:01:59.702064,70.113,70.113,70.113,0.0
2026-02-23T08:01:59.775605,70.115,70.115,70.115,0.0
2026-02-23T08:01:59.848922,70.217,70.217,70.217,0.0
2026-02-23T08:01:59.922880,70.183,70.183,70.183,0.0
2026-02-23T08:01:59.996103,70.118,70.118,70.118,0.0
2026-02-23T08:02:00.069840,70.2,70.2,70.2,0.0
2026-02-23T08:02:00.143838,70.181,70.181,70.181,0.0
2026-02-23T08:02:00.217114,70.12,70.12,70.12,0.0
2026-02-23T08:02:00.290563,70.127,70.127,70.127,0.0
2026-02-23T08:02:00.362866,70.09,70.09,70.09,0.0
2026-02-23T08:02:00.436200,70.065,70.065,70.065,0.0
2026-02-23T08:02:00.510026,70.233,70.233,70.233,0.0
2026-02-23T08:02:00.583975,70.122,70.122,70.122,0.0
2026-02-23T08:02:00.657991,70.182,70.182,70.182,0.0
2026-02-23T08:02:00.732235,70.182,70.182,70.182,0.0
2026-02-23T08:02:00.807281,70.12,70.12,70.12,0.0
2026-02-23T08:02:00.881002,70.136,70.136,70.136,0.0
2026-02-23T08:02:00.954870,70.247,70.247,70.247,0.0
2026-02-23T08:02:01.028560,70.152,70.152,70.152,0.0
2026-02-23T08:02:01.101908,70.109,70.109,70.109,0.0
2026-02-23T08:02:01.175038,70.091,70.091,70.091,0.0
2026-02-23T08:02:01.247933,70.097,70.097,70.097,0.0
2026-02-23T08:02:01.322411,71.231,71.231,71.231,0.0
2026-02-23T08:02:01.395884,70.178,70.178,70.178,0.0
2026-02-23T08:02:01.469833,70.196,70.196,70.196,0.0
2026-02-23T08:02:01.543644,70.179,70.179,70.179,0.0
2026-02-23T08:02:01.617050,70.059,70.059,70.059,0.0
2026-02-23T08:02:01.690259,70.068,70.068,70.068,0.0
2026-02-23T08:02:01.763818,70.173,70.173,70.173,0.0
2026-02-23T08:02:01.836822,70.17,70.17,70.17,0.0
2026-02-23T08:02:01.910156,70.195,70.195,70.195,0.0
2026-02-23T08:02:01.983967,70.137,70.137,70.137,0.0
2026-02-23T08:02:02.057022,70.099,70.099,70.099,0.0
2026-02-23T08:02:02.131027,70.165,70.165,70.165,0.0
2026-02-23T08:02:02.204534,70.095,70.095,70.095,0.0
2026-02-23T08:02:02.278125,70.222,70.222,70.222,0.0
2026-02-23T08:02:02.351537,70.143,70.143,70.143,0.0
2026-02-23T08:02:02.424830,70.191,70.191,70.191,0.0
2026-02-23T08:02:02.497794,70.171,70.171,70.171,0.0
2026-02-23T08:02:02.570535,70.106,70.106,70.106,0.0
2026-02-23T08:02:02.644134,70.176,70.176,70.176,0.0
2026-02-23T08:02:02.717675,70.161,70.161,70.161,0.0
2026-02-23T08:02:02.791799,70.141,70.141,70.141,0.0
2026-02-23T08:02:02.865462,70.143,70.143,70.143,0.0
2026-02-23T08:02:02.938875,70.159,70.159,70.159,0.0
2026-02-23T08:02:03.012473,70.177,70.177,70.177,0.0
2026-02-23T08:02:03.085156,70.104,70.104,70.104,0.0
2026-02-23T08:02:03.158528,70.106,70.106,70.106,0.0
2026-02-23T08:02:03.232756,70.13,70.13,70.13,0.0
2026-02-23T08:02:03.306029,70.145,70.145,70.145,0.0
2026-02-23T08:02:03.378995,70.143,70.143,70.143,0.0
2026-02-23T08:02:03.453045,70.192,70.192,70.192,0.0
2026-02-23T08:02:03.526943,70.186,70.186,70.186,0.0
2026-02-23T08:02:03.600514,70.098,70.098,70.098,0.0
2026-02-23T08:02:03.673954,70.103,70.103,70.103,0.0
2026-02-23T08:02:03.747509,70.127,70.127,70.127,0.0
2026-02-23T08:02:03.820499,70.098,70.098,70.098,0.0
2026-02-23T08:02:03.893673,70.087,70.087,70.087,0.0
2026-02-23T08:02:03.967935,71.403,71.403,71.403,0.0
2026-02-23T08:02:04.041080,70.07,70.07,70.07,0.0
2026-02-23T08:02:04.114612,70.065,70.065,70.065,0.0
2026-02-23T08:02:04.187771,70.071,70.071,70.071,0.0
2026-02-23T08:02:04.260885,70.125,70.125,70.125,0.0
2026-02-23T08:02:04.334044,70.092,70.092,70.092,0.0
2026-02-23T08:02:04.406944,70.101,70.101,70.101,0.0
2026-02-23T08:02:04.480458,70.15,70.15,70.15,0.0
2026-02-23T08:02:04.553551,70.161,70.161,70.161,0.0
2026-02-23T08:02:04.626749,70.122,70.122,70.122,0.0
2026-02-23T08:02:04.699406,70.14,70.14,70.14,0.0
2026-02-23T08:02:04.771677,70.074,70.074,70.074,0.0
2026-02-23T08:02:04.844251,70.089,70.089,70.089,0.0
2026-02-23T08:02:04.917313,70.051,70.051,70.051,0.0
2026-02-23T08:02:04.990176,70.087,70.087,70.087,0.0
2026-02-23T08:02:05.064021,70.088,70.088,70.088,0.0
2026-02-23T08:02:05.137277,70.061,70.061,70.061,0.0
2026-02-23T08:02:05.210116,70.07,70.07,70.07,0.0
2026-02-23T08:02:05.283201,70.095,70.095,70.095,0.0
2026-02-23T08:02:05.356663,70.103,70.103,70.103,0.0
2026-02-23T08:02:05.428790,70.052,70.052,70.052,0.0
2026-02-23T08:02:05.501150,70.072,70.072,70.072,0.0
2026-02-23T08:02:05.574273,70.072,70.072,70.072,0.0
2026-02-23T08:02:05.647541,70.069,70.069,70.069,0.0
2026-02-23T08:02:05.720694,70.072,70.072,70.072,0.0
2026-02-23T08:02:05.793276,70.068,70.068,70.068,0.0
2026-02-23T08:02:05.866130,70.069,70.069,70.069,0.0
2026-02-23T08:02:05.939445,70.073,70.073,70.073,0.0
2026-02-23T08:02:06.012658,70.067,70.067,70.067,0.0
2026-02-23T08:02:06.085968,70.064,70.064,70.064,0.0
2026-02-23T08:02:06.159214,70.1,70.1,70.1,0.0
2026-02-23T08:02:16.163069,,,,100.0
2026-02-23T08:02:16.236777,70.134,70.134,70.134,0.0
2026-02-23T08:02:16.310141,70.063,70.063,70.063,0.0
2026-02-23T08:02:16.383781,70.114,70.114,70.114,0.0
2026-02-23T08:02:16.456901,70.052,70.052,70.052,0.0
2026-02-23T08:02:16.529903,70.081,70.081,70.081,0.0
2026-02-23T08:02:16.603158,70.086,70.086,70.086,0.0
2026-02-23T08:02:16.676499,70.092,70.092,70.092,0.0
2026-02-23T08:02:16.750476,70.072,70.072,70.072,0.0
2026-02-23T08:02:16.825853,71.766,71.766,71.766,0.0
2026-02-23T08:02:16.899706,70.094,70.094,70.094,0.0
2026-02-23T08:02:26.902668,,,,100.0
2026-02-23T08:02:26.976801,70.114,70.114,70.114,0.0
2026-02-23T08:02:27.050464,70.079,70.079,70.079,0.0
2026-02-23T08:02:27.124306,70.095,70.095,70.095,0.0
2026-02-23T08:02:27.198591,70.081,70.081,70.081,0.0
2026-02-23T08:02:27.272895,70.177,70.177,70.177,0.0
2026-02-23T08:02:27.346333,70.071,70.071,70.071,0.0
2026-02-23T08:02:27.420428,70.071,70.071,70.071,0.0
2026-02-23T08:02:27.493763,70.081,70.081,70.081,0.0
2026-02-23T08:02:27.568073,70.509,70.509,70.509,0.0
2026-02-23T08:02:27.641446,70.067,70.067,70.067,0.0
2026-02-23T08:02:27.715130,70.058,70.058,70.058,0.0
2026-02-23T08:02:27.788296,70.086,70.086,70.086,0.0
2026-02-23T08:02:27.861493,70.083,70.083,70.083,0.0
2026-02-23T08:02:27.935071,70.218,70.218,70.218,0.0
2026-02-23T08:02:28.008656,70.114,70.114,70.114,0.0
2026-02-23T08:02:28.082305,70.13,70.13,70.13,0.0
2026-02-23T08:02:28.155565,70.069,70.069,70.069,0.0
2026-02-23T08:02:28.228933,70.068,70.068,70.068,0.0
2026-02-23T08:02:28.301864,70.056,70.056,70.056,0.0
2026-02-23T08:02:28.374449,70.072,70.072,70.072,0.0
2026-02-23T08:02:28.447952,70.097,70.097,70.097,0.0
2026-02-23T08:02:28.521679,70.082,70.082,70.082,0.0
2026-02-23T08:02:38.524977,,,,100.0
2026-02-23T08:02:38.598508,70.077,70.077,70.077,0.0
2026-02-23T08:02:38.671836,70.08,70.08,70.08,0.0
2026-02-23T08:02:38.744841,70.123,70.123,70.123,0.0
2026-02-23T08:02:38.817873,70.067,70.067,70.067,0.0
2026-02-23T08:02:38.891442,70.078,70.078,70.078,0.0
2026-02-23T08:02:38.964873,70.09,70.09,70.09,0.0
2026-02-23T08:02:39.038235,70.084,70.084,70.084,0.0
2026-02-23T08:02:39.112007,70.069,70.069,70.069,0.0
2026-02-23T08:02:39.185948,70.082,70.082,70.082,0.0
2026-02-23T08:02:39.259327,70.076,70.076,70.076,0.0
2026-02-23T08:02:39.332921,70.14,70.14,70.14,0.0
2026-02-23T08:02:39.406017,70.078,70.078,70.078,0.0
2026-02-23T08:02:39.478885,70.073,70.073,70.073,0.0
2026-02-23T08:02:39.552008,70.068,70.068,70.068,0.0
2026-02-23T08:02:39.624953,70.048,70.048,70.048,0.0
2026-02-23T08:02:39.697607,70.129,70.129,70.129,0.0
2026-02-23T08:02:39.770871,70.17,70.17,70.17,0.0
2026-02-23T08:02:49.774008,,,,100.0
2026-02-23T08:02:49.848277,70.07,70.07,70.07,0.0
2026-02-23T08:02:49.921574,70.064,70.064,70.064,0.0
2026-02-23T08:02:49.995263,70.062,70.062,70.062,0.0
2026-02-23T08:02:50.068865,70.075,70.075,70.075,0.0
2026-02-23T08:02:50.142363,70.065,70.065,70.065,0.0
2026-02-23T08:02:50.215211,70.06,70.06,70.06,0.0
2026-02-23T08:02:50.288695,70.092,70.092,70.092,0.0
2026-02-23T08:02:50.362067,70.084,70.084,70.084,0.0
2026-02-23T08:02:50.435068,70.064,70.064,70.064,0.0
2026-02-23T08:02:50.507846,70.062,70.062,70.062,0.0
2026-02-23T08:02:50.581085,70.104,70.104,70.104,0.0
2026-02-23T08:02:50.655148,70.071,70.071,70.071,0.0
2026-02-23T08:02:50.728803,70.103,70.103,70.103,0.0
2026-02-23T08:02:50.802324,70.124,70.124,70.124,0.0
2026-02-23T08:02:50.875938,70.175,70.175,70.175,0.0
2026-02-23T08:02:50.948959,70.037,70.037,70.037,0.0
2026-02-23T08:02:51.023999,71.748,71.748,71.748,0.0
2026-02-23T08:02:51.097913,70.117,70.117,70.117,0.0
2026-02-23T08:02:51.171614,70.154,70.154,70.154,0.0
2026-02-23T08:02:51.244937,70.082,70.082,70.082,0.0
2026-02-23T08:02:51.318713,70.088,70.088,70.088,0.0
2026-02-23T08:02:51.391942,70.101,70.101,70.101,0.0
2026-02-23T08:02:51.465046,70.118,70.118,70.118,0.0
2026-02-23T08:02:51.538613,70.126,70.126,70.126,0.0
2026-02-23T08:02:51.610954,70.08,70.08,70.08,0.0
2026-02-23T08:02:51.683749,70.157,70.157,70.157,0.0
2026-02-23T08:02:51.756328,70.089,70.089,70.089,0.0
2026-02-23T08:02:51.829554,70.088,70.088,70.088,0.0
2026-02-23T08:02:51.902069,70.137,70.137,70.137,0.0
2026-02-23T08:02:51.975401,70.115,70.115,70.115,0.0
2026-02-23T08:02:52.048883,70.146,70.146,70.146,0.0
2026-02-23T08:02:52.122413,70.095,70.095,70.095,0.0
2026-02-23T08:02:52.195731,70.145,70.145,70.145,0.0
2026-02-23T08:02:52.268556,70.087,70.087,70.087,0.0
2026-02-23T08:02:52.341944,70.092,70.092,70.092,0.0
2026-02-23T08:02:52.415270,70.143,70.143,70.143,0.0
2026-02-23T08:02:52.487999,70.106,70.106,70.106,0.0
2026-02-23T08:02:52.560961,70.078,70.078,70.078,0.0
2026-02-23T08:02:52.634858,71.19,71.19,71.19,0.0
2026-02-23T08:02:52.707978,70.087,70.087,70.087,0.0
2026-02-23T08:02:52.781269,70.094,70.094,70.094,0.0
2026-02-23T08:02:52.854447,70.075,70.075,70.075,0.0
2026-02-23T08:02:52.927119,70.139,70.139,70.139,0.0
2026-02-23T08:02:53.000296,70.1,70.1,70.1,0.0
2026-02-23T08:02:53.073748,70.144,70.144,70.144,0.0
2026-02-23T08:02:53.146843,70.07,70.07,70.07,0.0
2026-02-23T08:02:53.219239,70.088,70.088,70.088,0.0
2026-02-23T08:02:53.292930,70.166,70.166,70.166,0.0
2026-02-23T08:02:53.366519,70.081,70.081,70.081,0.0
2026-02-23T08:02:53.440076,70.181,70.181,70.181,0.0
2026-02-23T08:02:53.513537,70.151,70.151,70.151,0.0
2026-02-23T08:02:53.586766,70.067,70.067,70.067,0.0
2026-02-23T08:02:53.659510,70.111,70.111,70.111,0.0
2026-02-23T08:02:53.732318,70.09,70.09,70.09,0.0
2026-02-23T08:02:53.805928,70.153,70.153,70.153,0.0
2026-02-23T08:02:53.879297,70.093,70.093,70.093,0.0
2026-02-23T08:02:53.952569,70.116,70.116,70.116,0.0
2026-02-23T08:02:54.025774,70.161,70.161,70.161,0.0
2026-02-23T08:02:54.099558,70.16,70.16,70.16,0.0
2026-02-23T08:02:54.172914,70.124,70.124,70.124,0.0
2026-02-23T08:02:54.245946,70.159,70.159,70.159,0.0
2026-02-23T08:02:54.319923,71.007,71.007,71.007,0.0
2026-02-23T08:02:54.393867,70.813,70.813,70.813,0.0
2026-02-23T08:02:54.466899,70.182,70.182,70.182,0.0
2026-02-23T08:02:54.540713,70.17,70.17,70.17,0.0
2026-02-23T08:02:54.613958,70.093,70.093,70.093,0.0
2026-02-23T08:02:54.687300,70.103,70.103,70.103,0.0
2026-02-23T08:02:54.760653,70.119,70.119,70.119,0.0
2026-02-23T08:02:54.833937,70.169,70.169,70.169,0.0
2026-02-23T08:02:54.906277,70.083,70.083,70.083,0.0
2026-02-23T08:02:54.979114,70.088,70.088,70.088,0.0
2026-02-23T08:02:55.052545,70.09,70.09,70.09,0.0
2026-02-23T08:02:55.126003,70.106,70.106,70.106,0.0
2026-02-23T08:02:55.199513,70.135,70.135,70.135,0.0
2026-02-23T08:02:55.272616,70.14,70.14,70.14,0.0
2026-02-23T08:02:55.346505,70.092,70.092,70.092,0.0
2026-02-23T08:02:55.419961,70.067,70.067,70.067,0.0
2026-02-23T08:02:55.493196,70.457,70.457,70.457,0.0
2026-02-23T08:02:55.566661,70.129,70.129,70.129,0.0
2026-02-23T08:02:55.639671,70.102,70.102,70.102,0.0
2026-02-23T08:02:55.713024,70.091,70.091,70.091,0.0
2026-02-23T08:02:55.786019,70.147,70.147,70.147,0.0
2026-02-23T08:02:55.859138,70.096,70.096,70.096,0.0
2026-02-23T08:02:55.932671,70.125,70.125,70.125,0.0
2026-02-23T08:02:56.005849,70.105,70.105,70.105,0.0
2026-02-23T08:02:56.079491,70.916,70.916,70.916,0.0
2026-02-23T08:02:56.152670,70.128,70.128,70.128,0.0
2026-02-23T08:02:56.225822,70.089,70.089,70.089,0.0
2026-02-23T08:02:56.299614,70.087,70.087,70.087,0.0
2026-02-23T08:02:56.373013,70.129,70.129,70.129,0.0
2026-02-23T08:02:56.446605,70.145,70.145,70.145,0.0
2026-02-23T08:02:56.519967,70.134,70.134,70.134,0.0
2026-02-23T08:02:56.593813,70.146,70.146,70.146,0.0
2026-02-23T08:02:56.666701,70.121,70.121,70.121,0.0
2026-02-23T08:02:56.740274,70.099,70.099,70.099,0.0
2026-02-23T08:02:56.813985,70.144,70.144,70.144,0.0
2026-02-23T08:02:56.887426,70.082,70.082,70.082,0.0
2026-02-23T08:02:56.960447,70.136,70.136,70.136,0.0
2026-02-23T08:02:57.033786,70.135,70.135,70.135,0.0
2026-02-23T08:02:57.107316,70.157,70.157,70.157,0.0
2026-02-23T08:02:57.180908,70.12,70.12,70.12,0.0
2026-02-23T08:02:57.254312,70.097,70.097,70.097,0.0
2026-02-23T08:02:57.327954,70.133,70.133,70.133,0.0
2026-02-23T08:02:57.401806,70.083,70.083,70.083,0.0
2026-02-23T08:02:57.475197,70.09,70.09,70.09,0.0
2026-02-23T08:02:57.548839,70.185,70.185,70.185,0.0
2026-02-23T08:02:57.622140,70.471,70.471,70.471,0.0
2026-02-23T08:02:57.695326,70.09,70.09,70.09,0.0
2026-02-23T08:02:57.768828,70.169,70.169,70.169,0.0
2026-02-23T08:02:57.842251,70.099,70.099,70.099,0.0
2026-02-23T08:02:57.915705,70.177,70.177,70.177,0.0
2026-02-23T08:02:57.988984,70.099,70.099,70.099,0.0
2026-02-23T08:02:58.062779,70.139,70.139,70.139,0.0
2026-02-23T08:02:58.135705,70.127,70.127,70.127,0.0
2026-02-23T08:02:58.208928,70.101,70.101,70.101,0.0
2026-02-23T08:02:58.282239,70.125,70.125,70.125,0.0
2026-02-23T08:02:58.355678,70.155,70.155,70.155,0.0
2026-02-23T08:02:58.428154,70.087,70.087,70.087,0.0
2026-02-23T08:02:58.501536,70.089,70.089,70.089,0.0
2026-02-23T08:02:58.574940,70.144,70.144,70.144,0.0
2026-02-23T08:02:58.648328,70.093,70.093,70.093,0.0
2026-02-23T08:02:58.721949,70.097,70.097,70.097,0.0
2026-02-23T08:02:58.795270,70.091,70.091,70.091,0.0
2026-02-23T08:02:58.869013,70.16,70.16,70.16,0.0
2026-02-23T08:02:58.942636,70.167,70.167,70.167,0.0
2026-02-23T08:02:59.015796,70.112,70.112,70.112,0.0
2026-02-23T08:02:59.088967,70.077,70.077,70.077,0.0
2026-02-23T08:02:59.162241,70.084,70.084,70.084,0.0
2026-02-23T08:02:59.235267,70.079,70.079,70.079,0.0
2026-02-23T08:02:59.307991,70.097,70.097,70.097,0.0
2026-02-23T08:02:59.381057,70.14,70.14,70.14,0.0
2026-02-23T08:02:59.454719,70.161,70.161,70.161,0.0
2026-02-23T08:02:59.529010,70.216,70.216,70.216,0.0
2026-02-23T08:02:59.602550,70.137,70.137,70.137,0.0
2026-02-23T08:02:59.676742,70.178,70.178,70.178,0.0
2026-02-23T08:02:59.751056,70.177,70.177,70.177,0.0
2026-02-23T08:02:59.824741,70.133,70.133,70.133,0.0
2026-02-23T08:02:59.897784,70.154,70.154,70.154,0.0
2026-02-23T08:02:59.971629,70.175,70.175,70.175,0.0
2026-02-23T08:03:00.044830,70.166,70.166,70.166,0.0
2026-02-23T08:03:00.118009,70.153,70.153,70.153,0.0
2026-02-23T08:03:00.191980,70.12,70.12,70.12,0.0
2026-02-23T08:03:00.265290,70.166,70.166,70.166,0.0
2026-02-23T08:03:00.338980,70.193,70.193,70.193,0.0
2026-02-23T08:03:00.412868,70.113,70.113,70.113,0.0
2026-02-23T08:03:00.486007,70.128,70.128,70.128,0.0
2026-02-23T08:03:00.559514,70.193,70.193,70.193,0.0
2026-02-23T08:03:00.632494,70.119,70.119,70.119,0.0
2026-02-23T08:03:00.705663,70.102,70.102,70.102,0.0
2026-02-23T08:03:00.779328,70.112,70.112,70.112,0.0
2026-02-23T08:03:00.852745,70.138,70.138,70.138,0.0
2026-02-23T08:03:00.925743,70.123,70.123,70.123,0.0
2026-02-23T08:03:00.998243,70.099,70.099,70.099,0.0
2026-02-23T08:03:01.071796,70.121,70.121,70.121,0.0
2026-02-23T08:03:01.144868,70.148,70.148,70.148,0.0
2026-02-23T08:03:01.217872,70.108,70.108,70.108,0.0
2026-02-23T08:03:01.291113,70.167,70.167,70.167,0.0
2026-02-23T08:03:01.364310,70.099,70.099,70.099,0.0
2026-02-23T08:03:01.437265,70.153,70.153,70.153,0.0
2026-02-23T08:03:01.511043,70.174,70.174,70.174,0.0
2026-02-23T08:03:01.584181,70.094,70.094,70.094,0.0
2026-02-23T08:03:01.657329,70.096,70.096,70.096,0.0
2026-02-23T08:03:01.730317,70.099,70.099,70.099,0.0
2026-02-23T08:03:01.803934,70.104,70.104,70.104,0.0
2026-02-23T08:03:01.877057,70.102,70.102,70.102,0.0
2026-02-23T08:03:01.950395,70.094,70.094,70.094,0.0
2026-02-23T08:03:02.023679,70.12,70.12,70.12,0.0
2026-02-23T08:03:02.097665,70.131,70.131,70.131,0.0
2026-02-23T08:03:02.170902,70.109,70.109,70.109,0.0
2026-02-23T08:03:02.244550,70.104,70.104,70.104,0.0
2026-02-23T08:03:02.318034,70.092,70.092,70.092,0.0
2026-02-23T08:03:02.391317,70.061,70.061,70.061,0.0
2026-02-23T08:03:02.465041,70.117,70.117,70.117,0.0
2026-02-23T08:03:02.538753,70.116,70.116,70.116,0.0
2026-02-23T08:03:02.612238,70.097,70.097,70.097,0.0
2026-02-23T08:03:02.685141,70.115,70.115,70.115,0.0
2026-02-23T08:03:02.758786,70.117,70.117,70.117,0.0
2026-02-23T08:03:02.832178,70.093,70.093,70.093,0.0
2026-02-23T08:03:02.905478,70.145,70.145,70.145,0.0
2026-02-23T08:03:02.978524,70.091,70.091,70.091,0.0
2026-02-23T08:03:03.052167,70.091,70.091,70.091,0.0
2026-02-23T08:03:03.126017,70.149,70.149,70.149,0.0
2026-02-23T08:03:03.199479,70.127,70.127,70.127,0.0
2026-02-23T08:03:03.272732,70.161,70.161,70.161,0.0
2026-02-23T08:03:03.346618,70.151,70.151,70.151,0.0
2026-02-23T08:03:03.420154,70.102,70.102,70.102,0.0
2026-02-23T08:03:03.493024,70.096,70.096,70.096,0.0
2026-02-23T08:03:03.566665,70.118,70.118,70.118,0.0
2026-02-23T08:03:03.639822,70.181,70.181,70.181,0.0
2026-02-23T08:03:03.712999,70.11,70.11,70.11,0.0
2026-02-23T08:03:03.786453,70.191,70.191,70.191,0.0
2026-02-23T08:03:03.859771,70.186,70.186,70.186,0.0
2026-02-23T08:03:03.933629,70.147,70.147,70.147,0.0
2026-02-23T08:03:04.007879,70.157,70.157,70.157,0.0
2026-02-23T08:03:04.081671,70.146,70.146,70.146,0.0
2026-02-23T08:03:04.155293,70.109,70.109,70.109,0.0
2026-02-23T08:03:04.228723,70.175,70.175,70.175,0.0
2026-02-23T08:03:04.302819,70.146,70.146,70.146,0.0
2026-02-23T08:03:04.376812,70.134,70.134,70.134,0.0
2026-02-23T08:03:04.451022,70.167,70.167,70.167,0.0
2026-02-23T08:03:04.524977,70.138,70.138,70.138,0.0
2026-02-23T08:03:04.598198,70.089,70.089,70.089,0.0
2026-02-23T08:03:04.671202,70.178,70.178,70.178,0.0
2026-02-23T08:03:04.744843,70.118,70.118,70.118,0.0
2026-02-23T08:03:04.818946,70.148,70.148,70.148,0.0
2026-02-23T08:03:04.892691,70.117,70.117,70.117,0.0
2026-02-23T08:03:04.965980,70.085,70.085,70.085,0.0
2026-02-23T08:03:05.039031,70.134,70.134,70.134,0.0
2026-02-23T08:03:05.112553,70.123,70.123,70.123,0.0
2026-02-23T08:03:05.185804,70.102,70.102,70.102,0.0
2026-02-23T08:03:05.259333,70.161,70.161,70.161,0.0
2026-02-23T08:03:05.333026,70.165,70.165,70.165,0.0
2026-02-23T08:03:05.406499,70.164,70.164,70.164,0.0
2026-02-23T08:03:05.479855,70.106,70.106,70.106,0.0
2026-02-23T08:03:05.553736,70.445,70.445,70.445,0.0
2026-02-23T08:03:05.628815,71.753,71.753,71.753,0.0
2026-02-23T08:03:05.701836,70.138,70.138,70.138,0.0
2026-02-23T08:03:05.775162,70.086,70.086,70.086,0.0
2026-02-23T08:03:05.847996,70.094,70.094,70.094,0.0
2026-02-23T08:03:05.921452,70.093,70.093,70.093,0.0
2026-02-23T08:03:05.995019,70.132,70.132,70.132,0.0
2026-02-23T08:03:06.068466,70.141,70.141,70.141,0.0
2026-02-23T08:03:06.141900,70.144,70.144,70.144,0.0
2026-02-23T08:03:06.215449,70.104,70.104,70.104,0.0
2026-02-23T08:03:06.288871,70.191,70.191,70.191,0.0
2026-02-23T08:03:06.362214,70.098,70.098,70.098,0.0
2026-02-23T08:03:16.365681,,,,100.0
2026-02-23T08:03:16.439951,70.138,70.138,70.138,0.0
2026-02-23T08:03:16.513675,70.093,70.093,70.093,0.0
2026-02-23T08:03:16.587197,70.169,70.169,70.169,0.0
2026-02-23T08:03:16.660860,70.112,70.112,70.112,0.0
2026-02-23T08:03:16.734389,70.123,70.123,70.123,0.0
2026-02-23T08:03:16.807248,70.121,70.121,70.121,0.0
2026-02-23T08:03:16.880900,70.178,70.178,70.178,0.0
2026-02-23T08:03:16.954850,70.132,70.132,70.132,0.0
2026-02-23T08:03:17.027980,70.128,70.128,70.128,0.0
2026-02-23T08:03:17.101520,70.095,70.095,70.095,0.0
2026-02-23T08:03:17.174857,70.107,70.107,70.107,0.0
2026-02-23T08:03:17.247978,70.128,70.128,70.128,0.0
2026-02-23T08:03:17.320942,70.18,70.18,70.18,0.0
2026-02-23T08:03:17.394924,70.186,70.186,70.186,0.0
2026-02-23T08:03:17.468890,70.105,70.105,70.105,0.0
2026-02-23T08:03:17.543467,71.127,71.127,71.127,0.0
2026-02-23T08:03:17.616927,70.067,70.067,70.067,0.0
2026-02-23T08:03:17.689715,70.16,70.16,70.16,0.0
2026-02-23T08:03:17.762514,70.155,70.155,70.155,0.0
2026-02-23T08:03:17.835810,70.098,70.098,70.098,0.0
2026-02-23T08:03:17.909005,70.16,70.16,70.16,0.0
2026-02-23T08:03:17.982298,70.147,70.147,70.147,0.0
2026-02-23T08:03:18.055846,70.119,70.119,70.119,0.0
2026-02-23T08:03:18.129059,70.099,70.099,70.099,0.0
2026-02-23T08:03:18.201984,70.137,70.137,70.137,0.0
2026-02-23T08:03:18.275694,70.113,70.113,70.113,0.0
2026-02-23T08:03:18.349138,70.097,70.097,70.097,0.0
2026-02-23T08:03:18.422448,70.084,70.084,70.084,0.0
2026-02-23T08:03:18.494925,70.143,70.143,70.143,0.0
2026-02-23T08:03:18.568512,70.165,70.165,70.165,0.0
2026-02-23T08:03:18.642840,70.872,70.872,70.872,0.0
2026-02-23T08:03:28.646046,,,,100.0
2026-02-23T08:03:28.717685,70.054,70.054,70.054,0.0
2026-02-23T08:03:28.789139,70.094,70.094,70.094,0.0
2026-02-23T08:03:28.860751,70.021,70.021,70.021,0.0
2026-02-23T08:03:28.932143,70.106,70.106,70.106,0.0
2026-02-23T08:03:29.003562,70.026,70.026,70.026,0.0
2026-02-23T08:03:29.075077,70.058,70.058,70.058,0.0
2026-02-23T08:03:29.146443,70.087,70.087,70.087,0.0
2026-02-23T08:03:29.217781,70.065,70.065,70.065,0.0
2026-02-23T08:03:29.289224,70.088,70.088,70.088,0.0
2026-02-23T08:03:29.360548,70.125,70.125,70.125,0.0
2026-02-23T08:03:29.432000,70.087,70.087,70.087,0.0
2026-02-23T08:03:29.503538,70.091,70.091,70.091,0.0
2026-02-23T08:03:29.574817,70.017,70.017,70.017,0.0
2026-02-23T08:03:29.646133,70.093,70.093,70.093,0.0
2026-02-23T08:03:29.717410,70.104,70.104,70.104,0.0
2026-02-23T08:03:29.788813,70.065,70.065,70.065,0.0
2026-02-23T08:03:29.859948,70.034,70.034,70.034,0.0
2026-02-23T08:03:29.931242,70.142,70.142,70.142,0.0
2026-02-23T08:03:39.932786,,,,100.0
2026-02-23T08:03:40.004379,70.133,70.133,70.133,0.0
2026-02-23T08:03:40.075850,70.064,70.064,70.064,0.0
2026-02-23T08:03:40.147468,70.124,70.124,70.124,0.0
2026-02-23T08:03:40.219049,70.124,70.124,70.124,0.0
2026-02-23T08:03:40.290646,70.06,70.06,70.06,0.0
2026-02-23T08:03:40.362274,70.087,70.087,70.087,0.0
2026-02-23T08:03:40.434026,70.034,70.034,70.034,0.0
2026-02-23T08:03:40.505225,70.129,70.129,70.129,0.0
2026-02-23T08:03:40.576771,70.147,70.147,70.147,0.0
2026-02-23T08:03:40.648125,70.063,70.063,70.063,0.0
2026-02-23T08:03:40.719374,70.066,70.066,70.066,0.0
2026-02-23T08:03:40.790715,70.055,70.055,70.055,0.0
2026-02-23T08:03:40.862078,70.117,70.117,70.117,0.0
2026-02-23T08:03:40.933417,70.128,70.128,70.128,0.0
2026-02-23T08:03:41.004756,70.051,70.051,70.051,0.0
2026-02-23T08:03:41.076076,70.057,70.057,70.057,0.0
2026-02-23T08:03:41.147263,70.124,70.124,70.124,0.0
2026-02-23T08:03:41.218782,70.127,70.127,70.127,0.0
2026-02-23T08:03:41.290030,70.016,70.016,70.016,0.0
2026-02-23T08:03:41.361315,70.062,70.062,70.062,0.0
2026-02-23T08:03:41.432662,70.041,70.041,70.041,0.0
2026-02-23T08:03:41.503994,70.057,70.057,70.057,0.0
2026-02-23T08:03:41.575181,70.059,70.059,70.059,0.0
2026-02-23T08:03:41.646507,70.075,70.075,70.075,0.0
2026-02-23T08:03:41.717832,70.064,70.064,70.064,0.0
2026-02-23T08:03:41.789058,70.093,70.093,70.093,0.0
2026-02-23T08:03:41.860294,70.083,70.083,70.083,0.0
2026-02-23T08:03:41.931511,70.048,70.048,70.048,0.0
2026-02-23T08:03:51.933193,,,,100.0
2026-02-23T08:03:52.004601,70.037,70.037,70.037,0.0
2026-02-23T08:03:52.075642,70.029,70.029,70.029,0.0
2026-02-23T08:03:52.146624,70.024,70.024,70.024,0.0
2026-02-23T08:03:52.217552,70.02,70.02,70.02,0.0
2026-02-23T08:03:52.288534,70.051,70.051,70.051,0.0
2026-02-23T08:03:52.359554,70.059,70.059,70.059,0.0
2026-02-23T08:03:52.430633,70.025,70.025,70.025,0.0
2026-02-23T08:03:52.501802,70.131,70.131,70.131,0.0
2026-02-23T08:03:52.572993,70.064,70.064,70.064,0.0
2026-02-23T08:03:52.644080,70.104,70.104,70.104,0.0
2026-02-23T08:03:52.715167,70.052,70.052,70.052,0.0
2026-02-23T08:03:52.786233,70.085,70.085,70.085,0.0
2026-02-23T08:03:52.857308,70.118,70.118,70.118,0.0
2026-02-23T08:03:52.928296,70.022,70.022,70.022,0.0
2026-02-23T08:03:52.999505,70.134,70.134,70.134,0.0
2026-02-23T08:03:53.070733,70.019,70.019,70.019,0.0
2026-02-23T08:03:53.141880,70.055,70.055,70.055,0.0
2026-02-23T08:03:53.212974,70.021,70.021,70.021,0.0
2026-02-23T08:03:53.284083,70.076,70.076,70.076,0.0
2026-02-23T08:03:53.355170,70.055,70.055,70.055,0.0
2026-02-23T08:03:53.426316,70.067,70.067,70.067,0.0
2026-02-23T08:03:53.497463,70.103,70.103,70.103,0.0
2026-02-23T08:03:53.568620,70.024,70.024,70.024,0.0
2026-02-23T08:03:53.639647,70.019,70.019,70.019,0.0
2026-02-23T08:03:53.710669,70.022,70.022,70.022,0.0
2026-02-23T08:04:03.711950,,,,100.0
2026-02-23T08:04:03.783711,70.142,70.142,70.142,0.0
2026-02-23T08:04:03.855205,70.073,70.073,70.073,0.0
2026-02-23T08:04:03.926559,70.037,70.037,70.037,0.0
2026-02-23T08:04:03.998106,70.122,70.122,70.122,0.0
2026-02-23T08:04:04.070062,70.117,70.117,70.117,0.0
2026-02-23T08:04:04.141833,70.071,70.071,70.071,0.0
2026-02-23T08:04:04.213524,70.16,70.16,70.16,0.0
2026-02-23T08:04:04.285049,70.066,70.066,70.066,0.0
2026-02-23T08:04:04.356332,70.116,70.116,70.116,0.0
2026-02-23T08:04:14.357836,,,,100.0
2026-02-23T08:04:14.429528,70.075,70.075,70.075,0.0
2026-02-23T08:04:14.500797,70.042,70.042,70.042,0.0
2026-02-23T08:04:14.572301,70.073,70.073,70.073,0.0
2026-02-23T08:04:14.643647,70.106,70.106,70.106,0.0
2026-02-23T08:04:14.714905,70.064,70.064,70.064,0.0
2026-02-23T08:04:14.786088,70.075,70.075,70.075,0.0
2026-02-23T08:04:14.857376,70.062,70.062,70.062,0.0
2026-02-23T08:04:14.928786,70.069,70.069,70.069,0.0
2026-02-23T08:04:14.999839,70.05,70.05,70.05,0.0
2026-02-23T08:04:15.070889,70.063,70.063,70.063,0.0
2026-02-23T08:04:15.141946,70.057,70.057,70.057,0.0
2026-02-23T08:04:15.212941,70.05,70.05,70.05,0.0
2026-02-23T08:04:15.284014,70.09,70.09,70.09,0.0
2026-02-23T08:04:15.355170,70.101,70.101,70.101,0.0
2026-02-23T08:04:25.356598,,,,100.0
2026-02-23T08:04:25.428257,70.104,70.104,70.104,0.0
2026-02-23T08:04:25.500049,70.114,70.114,70.114,0.0
2026-02-23T08:04:25.571869,70.075,70.075,70.075,0.0
2026-02-23T08:04:25.643320,70.048,70.048,70.048,0.0
2026-02-23T08:04:25.714787,70.058,70.058,70.058,0.0
2026-02-23T08:04:25.786051,70.122,70.122,70.122,0.0
2026-02-23T08:04:25.857240,70.066,70.066,70.066,0.0
2026-02-23T08:04:25.928240,70.053,70.053,70.053,0.0
2026-02-23T08:04:25.999307,70.079,70.079,70.079,0.0
2026-02-23T08:04:26.070351,70.079,70.079,70.079,0.0
2026-02-23T08:04:26.141641,70.054,70.054,70.054,0.0
2026-02-23T08:04:26.212685,70.024,70.024,70.024,0.0
2026-02-23T08:04:26.283693,70.023,70.023,70.023,0.0
2026-02-23T08:04:26.354882,70.013,70.013,70.013,0.0
2026-02-23T08:04:26.425898,70.06,70.06,70.06,0.0
2026-02-23T08:04:26.497036,70.086,70.086,70.086,0.0
2026-02-23T08:04:26.568424,70.06,70.06,70.06,0.0
2026-02-23T08:04:26.639504,70.106,70.106,70.106,0.0
2026-02-23T08:04:26.710547,70.038,70.038,70.038,0.0
2026-02-23T08:04:26.781672,70.034,70.034,70.034,0.0
2026-02-23T08:04:26.852719,70.022,70.022,70.022,0.0
2026-02-23T08:04:26.923779,70.078,70.078,70.078,0.0
2026-02-23T08:04:36.924988,,,,100.0
2026-02-23T08:04:36.996653,70.058,70.058,70.058,0.0
2026-02-23T08:04:46.998534,,,,100.0
2026-02-23T08:04:47.070006,70.067,70.067,70.067,0.0
2026-02-23T08:04:47.141214,70.106,70.106,70.106,0.0
2026-02-23T08:04:47.212244,70.034,70.034,70.034,0.0
2026-02-23T08:04:47.283604,70.123,70.123,70.123,0.0
2026-02-23T08:04:47.354892,70.151,70.151,70.151,0.0
2026-02-23T08:04:47.425881,70.073,70.073,70.073,0.0
2026-02-23T08:04:47.497060,70.057,70.057,70.057,0.0
2026-02-23T08:04:47.568105,70.055,70.055,70.055,0.0
2026-02-23T08:04:47.639313,70.053,70.053,70.053,0.0
2026-02-23T08:04:57.640626,,,,100.0
2026-02-23T08:04:57.712305,70.088,70.088,70.088,0.0
2026-02-23T08:04:57.783923,70.051,70.051,70.051,0.0
2026-02-23T08:04:57.855673,70.169,70.169,70.169,0.0
2026-02-23T08:04:57.927343,70.066,70.066,70.066,0.0
2026-02-23T08:04:57.998972,70.063,70.063,70.063,0.0
2026-02-23T08:04:58.070659,70.133,70.133,70.133,0.0
2026-02-23T08:04:58.142197,70.063,70.063,70.063,0.0
2026-02-23T08:04:58.213540,70.025,70.025,70.025,0.0
2026-02-23T08:04:58.284887,70.143,70.143,70.143,0.0
2026-02-23T08:04:58.356101,70.112,70.112,70.112,0.0
2026-02-23T08:04:58.427587,70.113,70.113,70.113,0.0
2026-02-23T08:04:58.498901,70.026,70.026,70.026,0.0
2026-02-23T08:04:58.570124,70.107,70.107,70.107,0.0
2026-02-23T08:04:58.641505,70.126,70.126,70.126,0.0
2026-02-23T08:04:58.712765,70.02,70.02,70.02,0.0
2026-02-23T08:04:58.784004,70.053,70.053,70.053,0.0
2026-02-23T08:05:08.785534,,,,100.0
2026-02-23T08:05:08.857247,70.11,70.11,70.11,0.0
2026-02-23T08:05:18.858915,,,,100.0
2026-02-23T08:05:18.931113,70.265,70.265,70.265,0.0
2026-02-23T08:05:19.002830,70.07,70.07,70.07,0.0
2026-02-23T08:05:19.074157,70.06,70.06,70.06,0.0
2026-02-23T08:05:19.145505,70.087,70.087,70.087,0.0
2026-02-23T08:05:19.216787,70.015,70.015,70.015,0.0
2026-02-23T08:05:19.288165,70.148,70.148,70.148,0.0
2026-02-23T08:05:19.359585,70.129,70.129,70.129,0.0
2026-02-23T08:05:19.431030,70.036,70.036,70.036,0.0
2026-02-23T08:05:19.502499,70.095,70.095,70.095,0.0
2026-02-23T08:05:29.504130,,,,100.0
2026-02-23T08:05:29.575808,70.111,70.111,70.111,0.0
2026-02-23T08:05:29.647367,70.071,70.071,70.071,0.0
2026-02-23T08:05:29.719092,70.133,70.133,70.133,0.0
2026-02-23T08:05:29.790420,70.074,70.074,70.074,0.0
2026-02-23T08:05:29.861508,70.028,70.028,70.028,0.0
2026-02-23T08:05:29.932641,70.027,70.027,70.027,0.0
2026-02-23T08:05:30.003763,70.061,70.061,70.061,0.0
2026-02-23T08:05:30.074962,70.118,70.118,70.118,0.0
2026-02-23T08:05:30.146106,70.039,70.039,70.039,0.0
2026-02-23T08:05:30.217274,70.056,70.056,70.056,0.0
2026-02-23T08:05:40.218690,,,,100.0
2026-02-23T08:05:40.290250,70.083,70.083,70.083,0.0
2026-02-23T08:05:40.361888,70.092,70.092,70.092,0.0
2026-02-23T08:05:40.433450,70.1,70.1,70.1,0.0
2026-02-23T08:05:40.505127,70.12,70.12,70.12,0.0
2026-02-23T08:05:40.576499,70.097,70.097,70.097,0.0
2026-02-23T08:05:40.647821,70.055,70.055,70.055,0.0
2026-02-23T08:05:40.719225,70.085,70.085,70.085,0.0
2026-02-23T08:05:40.790628,70.066,70.066,70.066,0.0
2026-02-23T08:05:40.862124,70.11,70.11,70.11,0.0
2026-02-23T08:05:40.933754,70.124,70.124,70.124,0.0
2026-02-23T08:05:41.004898,70.069,70.069,70.069,0.0
2026-02-23T08:05:41.076324,70.073,70.073,70.073,0.0
2026-02-23T08:05:41.147781,70.067,70.067,70.067,0.0
2026-02-23T08:05:41.219104,70.097,70.097,70.097,0.0
2026-02-23T08:05:51.220647,,,,100.0
2026-02-23T08:05:51.292356,70.161,70.161,70.161,0.0
2026-02-23T08:05:51.364001,70.073,70.073,70.073,0.0
2026-02-23T08:05:51.435662,70.096,70.096,70.096,0.0
2026-02-23T08:05:51.507265,70.082,70.082,70.082,0.0
2026-02-23T08:05:51.578790,70.062,70.062,70.062,0.0
2026-02-23T08:06:01.580528,,,,100.0
2026-02-23T08:06:01.652024,70.062,70.062,70.062,0.0
2026-02-23T08:06:01.723750,70.038,70.038,70.038,0.0
2026-02-23T08:06:01.795281,70.117,70.117,70.117,0.0
2026-02-23T08:06:01.866954,70.1,70.1,70.1,0.0
2026-02-23T08:06:01.938889,70.063,70.063,70.063,0.0
2026-02-23T08:06:11.940459,,,,100.0
2026-02-23T08:06:12.012342,70.312,70.312,70.312,0.0
2026-02-23T08:06:12.083739,70.073,70.073,70.073,0.0
2026-02-23T08:06:12.154912,70.065,70.065,70.065,0.0
2026-02-23T08:06:12.226426,70.162,70.162,70.162,0.0
2026-02-23T08:06:12.297810,70.068,70.068,70.068,0.0
2026-02-23T08:06:12.369174,70.09,70.09,70.09,0.0
2026-02-23T08:06:12.440777,70.155,70.155,70.155,0.0
2026-02-23T08:06:12.512110,70.076,70.076,70.076,0.0
2026-02-23T08:06:12.583465,70.078,70.078,70.078,0.0
2026-02-23T08:06:12.654783,70.042,70.042,70.042,0.0
2026-02-23T08:06:12.726151,70.06,70.06,70.06,0.0
2026-02-23T08:06:12.797587,70.028,70.028,70.028,0.0
2026-02-23T08:06:12.868884,70.057,70.057,70.057,0.0
2026-02-23T08:06:12.940086,70.103,70.103,70.103,0.0
2026-02-23T08:06:13.011658,70.179,70.179,70.179,0.0
2026-02-23T08:06:13.083057,70.06,70.06,70.06,0.0
2026-02-23T08:06:13.154262,70.096,70.096,70.096,0.0
2026-02-23T08:06:13.225472,70.06,70.06,70.06,0.0
2026-02-23T08:06:13.296505,70.023,70.023,70.023,0.0
2026-02-23T08:06:13.367792,70.056,70.056,70.056,0.0
2026-02-23T08:06:13.439037,70.058,70.058,70.058,0.0
2026-02-23T08:06:23.440454,,,,100.0
2026-02-23T08:06:23.512073,70.074,70.074,70.074,0.0
2026-02-23T08:06:23.583260,70.058,70.058,70.058,0.0
2026-02-23T08:06:23.654199,70.023,70.023,70.023,0.0
2026-02-23T08:06:23.725173,70.02,70.02,70.02,0.0
2026-02-23T08:06:23.796166,70.021,70.021,70.021,0.0
2026-02-23T08:06:23.867120,70.052,70.052,70.052,0.0
2026-02-23T08:06:23.938185,70.097,70.097,70.097,0.0
2026-02-23T08:06:24.009145,70.084,70.084,70.084,0.0
2026-02-23T08:06:24.080142,70.076,70.076,70.076,0.0
2026-02-23T08:06:24.151047,70.048,70.048,70.048,0.0
2026-02-23T08:06:24.222050,70.026,70.026,70.026,0.0
2026-02-23T08:06:24.293098,70.056,70.056,70.056,0.0
2026-02-23T08:06:24.364093,70.065,70.065,70.065,0.0
2026-02-23T08:06:24.435141,70.05,70.05,70.05,0.0
2026-02-23T08:06:24.506121,70.02,70.02,70.02,0.0
2026-02-23T08:06:24.577157,70.023,70.023,70.023,0.0
2026-02-23T08:06:24.648162,70.088,70.088,70.088,0.0
2026-02-23T08:06:24.719085,70.022,70.022,70.022,0.0
2026-02-23T08:06:24.790042,70.027,70.027,70.027,0.0
2026-02-23T08:06:24.861048,70.083,70.083,70.083,0.0
2026-02-23T08:06:24.932201,70.102,70.102,70.102,0.0
2026-02-23T08:06:25.003277,70.09,70.09,70.09,0.0
2026-02-23T08:06:25.074177,70.034,70.034,70.034,0.0
2026-02-23T08:06:25.145101,70.097,70.097,70.097,0.0
2026-02-23T08:06:25.216173,70.066,70.066,70.066,0.0
2026-02-23T08:06:25.287246,70.059,70.059,70.059,0.0
2026-02-23T08:06:25.358477,70.102,70.102,70.102,0.0
2026-02-23T08:06:25.429517,70.053,70.053,70.053,0.0
2026-02-23T08:06:25.500494,70.049,70.049,70.049,0.0
2026-02-23T08:06:25.571557,70.055,70.055,70.055,0.0
2026-02-23T08:06:25.642645,70.062,70.062,70.062,0.0
2026-02-23T08:06:25.713703,70.024,70.024,70.024,0.0
2026-02-23T08:06:25.784831,70.083,70.083,70.083,0.0
2026-02-23T08:06:25.855773,70.05,70.05,70.05,0.0
2026-02-23T08:06:25.926809,70.052,70.052,70.052,0.0
2026-02-23T08:06:25.997950,70.051,70.051,70.051,0.0
2026-02-23T08:06:26.068985,70.05,70.05,70.05,0.0
2026-02-23T08:06:26.140188,70.074,70.074,70.074,0.0
2026-02-23T08:06:26.211215,70.031,70.031,70.031,0.0
2026-02-23T08:06:26.282558,70.135,70.135,70.135,0.0
2026-02-23T08:06:26.353867,70.057,70.057,70.057,0.0
2026-02-23T08:06:26.425901,70.675,70.675,70.675,0.0
2026-02-23T08:06:36.427089,,,,100.0
2026-02-23T08:06:36.498701,70.052,70.052,70.052,0.0
2026-02-23T08:06:36.569987,70.071,70.071,70.071,0.0
2026-02-23T08:06:36.641363,70.085,70.085,70.085,0.0
2026-02-23T08:06:36.712719,70.027,70.027,70.027,0.0
2026-02-23T08:06:36.784085,70.054,70.054,70.054,0.0
2026-02-23T08:06:36.855573,70.128,70.128,70.128,0.0
2026-02-23T08:06:46.856997,,,,100.0
2026-02-23T08:06:46.928734,70.05,70.05,70.05,0.0
2026-02-23T08:06:47.000366,70.103,70.103,70.103,0.0
2026-02-23T08:06:47.072228,70.09,70.09,70.09,0.0
2026-02-23T08:06:47.143883,70.055,70.055,70.055,0.0
2026-02-23T08:06:47.215098,70.073,70.073,70.073,0.0
2026-02-23T08:06:47.286678,70.058,70.058,70.058,0.0
2026-02-23T08:06:47.358018,70.092,70.092,70.092,0.0
2026-02-23T08:06:47.429510,70.089,70.089,70.089,0.0
2026-02-23T08:06:47.501041,70.07,70.07,70.07,0.0
2026-02-23T08:06:47.572358,70.095,70.095,70.095,0.0
2026-02-23T08:06:47.643829,70.098,70.098,70.098,0.0
2026-02-23T08:06:47.715235,70.081,70.081,70.081,0.0
2026-02-23T08:06:47.786723,70.09,70.09,70.09,0.0
2026-02-23T08:06:47.858121,70.092,70.092,70.092,0.0
2026-02-23T08:06:47.929588,70.111,70.111,70.111,0.0
2026-02-23T08:06:48.001055,70.055,70.055,70.055,0.0
2026-02-23T08:06:48.072331,70.074,70.074,70.074,0.0
2026-02-23T08:06:48.143835,70.052,70.052,70.052,0.0
2026-02-23T08:06:48.215112,70.054,70.054,70.054,0.0
2026-02-23T08:06:48.286523,70.106,70.106,70.106,0.0
2026-02-23T08:06:48.357888,70.053,70.053,70.053,0.0
2026-02-23T08:06:48.429363,70.122,70.122,70.122,0.0
2026-02-23T08:06:48.500753,70.099,70.099,70.099,0.0
2026-02-23T08:06:48.572151,70.144,70.144,70.144,0.0
2026-02-23T08:06:48.643616,70.101,70.101,70.101,0.0
2026-02-23T08:06:48.715042,70.068,70.068,70.068,0.0
2026-02-23T08:06:48.786429,70.109,70.109,70.109,0.0
2026-02-23T08:06:48.857868,70.09,70.09,70.09,0.0
2026-02-23T08:06:48.929283,70.101,70.101,70.101,0.0
2026-02-23T08:06:58.930793,,,,100.0
2026-02-23T08:06:59.002740,70.053,70.053,70.053,0.0
2026-02-23T08:07:09.004226,,,,100.0
2026-02-23T08:07:09.075722,70.056,70.056,70.056,0.0
2026-02-23T08:07:09.147157,70.061,70.061,70.061,0.0
2026-02-23T08:07:09.218477,70.124,70.124,70.124,0.0
2026-02-23T08:07:09.289708,70.061,70.061,70.061,0.0
2026-02-23T08:07:09.360864,70.054,70.054,70.054,0.0
2026-02-23T08:07:09.432055,70.067,70.067,70.067,0.0
2026-02-23T08:07:09.503300,70.12,70.12,70.12,0.0
2026-02-23T08:07:19.504646,,,,100.0
2026-02-23T08:07:19.576112,70.079,70.079,70.079,0.0
2026-02-23T08:07:19.647821,70.097,70.097,70.097,0.0
2026-02-23T08:07:29.649254,,,,100.0
2026-02-23T08:07:29.720794,70.134,70.134,70.134,0.0
2026-02-23T08:07:39.722637,,,,100.0
2026-02-23T08:07:39.794428,70.098,70.098,70.098,0.0
2026-02-23T08:07:39.865762,70.014,70.014,70.014,0.0
2026-02-23T08:07:39.937150,70.027,70.027,70.027,0.0
2026-02-23T08:07:40.008454,70.047,70.047,70.047,0.0
2026-02-23T08:07:40.079846,70.059,70.059,70.059,0.0
2026-02-23T08:07:50.081351,,,,100.0
2026-02-23T08:07:50.152868,70.064,70.064,70.064,0.0
2026-02-23T08:07:50.224530,70.051,70.051,70.051,0.0
2026-02-23T08:07:50.295945,70.098,70.098,70.098,0.0
2026-02-23T08:07:50.367339,70.085,70.085,70.085,0.0
2026-02-23T08:07:50.438859,70.076,70.076,70.076,0.0
2026-02-23T08:07:50.510398,70.084,70.084,70.084,0.0
2026-02-23T08:07:50.581839,70.048,70.048,70.048,0.0
2026-02-23T08:07:50.653387,70.066,70.066,70.066,0.0
2026-02-23T08:07:50.724711,70.017,70.017,70.017,0.0
2026-02-23T08:07:50.796095,70.126,70.126,70.126,0.0
2026-02-23T08:07:50.867486,70.023,70.023,70.023,0.0
2026-02-23T08:07:50.938760,70.119,70.119,70.119,0.0
2026-02-23T08:07:51.010088,70.077,70.077,70.077,0.0
2026-02-23T08:07:51.081467,70.135,70.135,70.135,0.0
2026-02-23T08:07:51.152782,70.024,70.024,70.024,0.0
2026-02-23T08:07:51.224203,70.082,70.082,70.082,0.0
2026-02-23T08:08:01.226067,,,,100.0
2026-02-23T08:08:01.297879,70.081,70.081,70.081,0.0
2026-02-23T08:08:01.370074,70.112,70.112,70.112,0.0
2026-02-23T08:08:01.441669,70.045,70.045,70.045,0.0
2026-02-23T08:08:11.443113,,,,100.0
2026-02-23T08:08:11.514851,70.114,70.114,70.114,0.0
2026-02-23T08:08:11.586518,70.14,70.14,70.14,0.0
2026-02-23T08:08:11.657913,70.074,70.074,70.074,0.0
2026-02-23T08:08:11.729019,70.031,70.031,70.031,0.0
2026-02-23T08:08:11.800347,70.058,70.058,70.058,0.0
2026-02-23T08:08:11.871508,70.033,70.033,70.033,0.0
2026-02-23T08:08:11.942749,70.029,70.029,70.029,0.0
2026-02-23T08:08:12.013863,70.094,70.094,70.094,0.0
2026-02-23T08:08:12.084938,70.02,70.02,70.02,0.0
2026-02-23T08:08:12.156004,70.014,70.014,70.014,0.0
2026-02-23T08:08:12.227010,70.055,70.055,70.055,0.0
2026-02-23T08:08:12.298160,70.087,70.087,70.087,0.0
2026-02-23T08:08:12.369244,70.024,70.024,70.024,0.0
2026-02-23T08:08:12.440239,70.021,70.021,70.021,0.0
2026-02-23T08:08:12.511303,70.113,70.113,70.113,0.0
2026-02-23T08:08:12.582319,70.023,70.023,70.023,0.0
2026-02-23T08:08:12.653364,70.071,70.071,70.071,0.0
2026-02-23T08:08:12.724340,70.066,70.066,70.066,0.0
2026-02-23T08:08:12.795590,70.024,70.024,70.024,0.0
2026-02-23T08:08:12.866635,70.021,70.021,70.021,0.0
2026-02-23T08:08:12.937757,70.051,70.051,70.051,0.0
2026-02-23T08:08:13.008889,70.044,70.044,70.044,0.0
2026-02-23T08:08:13.079788,70.015,70.015,70.015,0.0
2026-02-23T08:08:13.150791,70.05,70.05,70.05,0.0
2026-02-23T08:08:13.221725,70.027,70.027,70.027,0.0
2026-02-23T08:08:13.292847,70.054,70.054,70.054,0.0
2026-02-23T08:08:13.363924,70.056,70.056,70.056,0.0
2026-02-23T08:08:13.434900,70.052,70.052,70.052,0.0
2026-02-23T08:08:13.505865,70.084,70.084,70.084,0.0
2026-02-23T08:08:13.576913,70.054,70.054,70.054,0.0
2026-02-23T08:08:13.647988,70.056,70.056,70.056,0.0
2026-02-23T08:08:13.719261,70.029,70.029,70.029,0.0
2026-02-23T08:08:23.720738,,,,100.0
2026-02-23T08:08:23.792707,70.364,70.364,70.364,0.0
2026-02-23T08:08:33.794183,,,,100.0
2026-02-23T08:08:33.865813,70.068,70.068,70.068,0.0
2026-02-23T08:08:33.937239,70.046,70.046,70.046,0.0
2026-02-23T08:08:34.008860,70.099,70.099,70.099,0.0
2026-02-23T08:08:34.080524,70.109,70.109,70.109,0.0
2026-02-23T08:08:34.152174,70.128,70.128,70.128,0.0
2026-02-23T08:08:34.223805,70.128,70.128,70.128,0.0
2026-02-23T08:08:34.295500,70.142,70.142,70.142,0.0
2026-02-23T08:08:34.366897,70.068,70.068,70.068,0.0
2026-02-23T08:08:34.438642,70.136,70.136,70.136,0.0
2026-02-23T08:08:34.510211,70.11,70.11,70.11,0.0
2026-02-23T08:08:34.581632,70.047,70.047,70.047,0.0
2026-02-23T08:08:34.653213,70.063,70.063,70.063,0.0
2026-02-23T08:08:34.724871,70.1,70.1,70.1,0.0
2026-02-23T08:08:34.796511,70.124,70.124,70.124,0.0
2026-02-23T08:08:34.868082,70.074,70.074,70.074,0.0
2026-02-23T08:08:34.939516,70.131,70.131,70.131,0.0
2026-02-23T08:08:35.010744,70.099,70.099,70.099,0.0
2026-02-23T08:08:35.082014,70.059,70.059,70.059,0.0
2026-02-23T08:08:35.153175,70.027,70.027,70.027,0.0
2026-02-23T08:08:35.224287,70.108,70.108,70.108,0.0
2026-02-23T08:08:35.295506,70.075,70.075,70.075,0.0
2026-02-23T08:08:35.366709,70.079,70.079,70.079,0.0
2026-02-23T08:08:35.437883,70.084,70.084,70.084,0.0
2026-02-23T08:08:35.509154,70.065,70.065,70.065,0.0
2026-02-23T08:08:35.580406,70.024,70.024,70.024,0.0
2026-02-23T08:08:35.651391,70.053,70.053,70.053,0.0
2026-02-23T08:08:35.722456,70.063,70.063,70.063,0.0
2026-02-23T08:08:35.793505,70.091,70.091,70.091,0.0
2026-02-23T08:08:35.864764,70.015,70.015,70.015,0.0
2026-02-23T08:08:35.935777,70.055,70.055,70.055,0.0
2026-02-23T08:08:36.006808,70.022,70.022,70.022,0.0
2026-02-23T08:08:36.077900,70.136,70.136,70.136,0.0
2026-02-23T08:08:36.148899,70.052,70.052,70.052,0.0
2026-02-23T08:08:36.219909,70.033,70.033,70.033,0.0
2026-02-23T08:08:36.290964,70.07,70.07,70.07,0.0
2026-02-23T08:08:46.292261,,,,100.0
2026-02-23T08:08:46.364175,70.136,70.136,70.136,0.0
2026-02-23T08:08:46.435614,70.051,70.051,70.051,0.0
2026-02-23T08:08:46.507259,70.131,70.131,70.131,0.0
2026-02-23T08:08:46.578600,70.034,70.034,70.034,0.0
2026-02-23T08:08:46.649950,70.063,70.063,70.063,0.0
2026-02-23T08:08:46.721470,70.13,70.13,70.13,0.0
2026-02-23T08:08:46.792863,70.066,70.066,70.066,0.0
2026-02-23T08:08:46.864397,70.117,70.117,70.117,0.0
2026-02-23T08:08:46.935817,70.078,70.078,70.078,0.0
2026-02-23T08:08:47.007328,70.077,70.077,70.077,0.0
2026-02-23T08:08:47.078836,70.033,70.033,70.033,0.0
2026-02-23T08:08:47.150274,70.062,70.062,70.062,0.0
2026-02-23T08:08:47.221688,70.013,70.013,70.013,0.0
2026-02-23T08:08:47.292910,70.04,70.04,70.04,0.0
2026-02-23T08:08:47.364212,70.078,70.078,70.078,0.0
2026-02-23T08:08:47.435516,70.13,70.13,70.13,0.0
2026-02-23T08:08:47.506870,70.053,70.053,70.053,0.0
2026-02-23T08:08:47.578222,70.057,70.057,70.057,0.0
2026-02-23T08:08:47.649543,70.026,70.026,70.026,0.0
2026-02-23T08:08:47.720895,70.065,70.065,70.065,0.0
2026-02-23T08:08:47.792378,70.085,70.085,70.085,0.0
2026-02-23T08:08:47.863957,70.053,70.053,70.053,0.0
2026-02-23T08:08:47.935003,70.054,70.054,70.054,0.0
2026-02-23T08:08:48.006172,70.09,70.09,70.09,0.0
2026-02-23T08:08:48.077664,70.162,70.162,70.162,0.0
2026-02-23T08:08:48.148848,70.05,70.05,70.05,0.0
2026-02-23T08:08:48.220146,70.097,70.097,70.097,0.0
2026-02-23T08:08:48.291529,70.082,70.082,70.082,0.0
2026-02-23T08:08:48.362705,70.022,70.022,70.022,0.0
2026-02-23T08:08:48.433916,70.064,70.064,70.064,0.0
2026-02-23T08:08:48.505067,70.1,70.1,70.1,0.0
2026-02-23T08:08:48.576477,70.113,70.113,70.113,0.0
2026-02-23T08:08:48.647766,70.041,70.041,70.041,0.0
2026-02-23T08:08:48.719103,70.122,70.122,70.122,0.0
2026-02-23T08:08:48.790432,70.081,70.081,70.081,0.0
2026-02-23T08:08:48.861773,70.052,70.052,70.052,0.0
2026-02-23T08:08:48.933035,70.136,70.136,70.136,0.0
2026-02-23T08:08:49.004087,70.058,70.058,70.058,0.0
2026-02-23T08:08:49.075177,70.054,70.054,70.054,0.0
2026-02-23T08:08:49.146493,70.063,70.063,70.063,0.0
2026-02-23T08:08:49.217525,70.041,70.041,70.041,0.0
2026-02-23T08:08:49.288547,70.017,70.017,70.017,0.0
2026-02-23T08:08:49.359656,70.103,70.103,70.103,0.0
2026-02-23T08:08:49.430648,70.022,70.022,70.022,0.0
2026-02-23T08:08:49.501688,70.024,70.024,70.024,0.0
2026-02-23T08:08:49.572912,70.049,70.049,70.049,0.0
2026-02-23T08:08:49.643997,70.054,70.054,70.054,0.0
2026-02-23T08:08:49.715070,70.051,70.051,70.051,0.0
2026-02-23T08:08:49.786143,70.088,70.088,70.088,0.0
2026-02-23T08:08:59.787541,,,,100.0
2026-02-23T08:08:59.859186,70.286,70.286,70.286,0.0
2026-02-23T08:08:59.930805,70.094,70.094,70.094,0.0
2026-02-23T08:09:00.002695,70.078,70.078,70.078,0.0
2026-02-23T08:09:00.074058,70.109,70.109,70.109,0.0
2026-02-23T08:09:00.145627,70.18,70.18,70.18,0.0
2026-02-23T08:09:00.216878,70.091,70.091,70.091,0.0
2026-02-23T08:09:00.288361,70.076,70.076,70.076,0.0
2026-02-23T08:09:00.359906,70.065,70.065,70.065,0.0
2026-02-23T08:09:10.361630,,,,100.0
2026-02-23T08:09:10.433716,70.144,70.144,70.144,0.0
2026-02-23T08:09:10.505503,70.065,70.065,70.065,0.0
2026-02-23T08:09:10.576892,70.084,70.084,70.084,0.0
2026-02-23T08:09:10.648488,70.102,70.102,70.102,0.0
2026-02-23T08:09:10.719902,70.119,70.119,70.119,0.0
2026-02-23T08:09:10.791646,70.051,70.051,70.051,0.0
2026-02-23T08:09:10.863159,70.076,70.076,70.076,0.0
2026-02-23T08:09:10.934848,70.113,70.113,70.113,0.0
2026-02-23T08:09:20.936507,,,,100.0
2026-02-23T08:09:21.008041,70.073,70.073,70.073,0.0
2026-02-23T08:09:21.079090,70.033,70.033,70.033,0.0
2026-02-23T08:09:21.150211,70.124,70.124,70.124,0.0
2026-02-23T08:09:31.151272,,,,100.0
2026-02-23T08:09:31.222938,70.053,70.053,70.053,0.0
2026-02-23T08:09:31.294699,70.057,70.057,70.057,0.0
2026-02-23T08:09:31.366485,70.082,70.082,70.082,0.0
2026-02-23T08:09:31.438196,70.077,70.077,70.077,0.0
2026-02-23T08:09:31.509785,70.056,70.056,70.056,0.0
2026-02-23T08:09:31.581603,70.104,70.104,70.104,0.0
2026-02-23T08:09:31.653296,70.061,70.061,70.061,0.0
2026-02-23T08:09:41.654996,,,,100.0
2026-02-23T08:09:41.726821,70.069,70.069,70.069,0.0
2026-02-23T08:09:41.798526,70.159,70.159,70.159,0.0
2026-02-23T08:09:41.869844,70.053,70.053,70.053,0.0
2026-02-23T08:09:41.941019,70.072,70.072,70.072,0.0
2026-02-23T08:09:42.012489,70.075,70.075,70.075,0.0
2026-02-23T08:09:42.084092,70.117,70.117,70.117,0.0
2026-02-23T08:09:42.155614,70.034,70.034,70.034,0.0
2026-02-23T08:09:42.226807,70.023,70.023,70.023,0.0
2026-02-23T08:09:42.298151,70.103,70.103,70.103,0.0
2026-02-23T08:09:42.369480,70.081,70.081,70.081,0.0
2026-02-23T08:09:42.440787,70.055,70.055,70.055,0.0
2026-02-23T08:09:42.512124,70.086,70.086,70.086,0.0
2026-02-23T08:09:42.583719,70.068,70.068,70.068,0.0
2026-02-23T08:09:42.654979,70.059,70.059,70.059,0.0
2026-02-23T08:09:42.726165,70.063,70.063,70.063,0.0
2026-02-23T08:09:42.797540,70.121,70.121,70.121,0.0
2026-02-23T08:09:42.868834,70.054,70.054,70.054,0.0
2026-02-23T08:09:42.940181,70.052,70.052,70.052,0.0
2026-02-23T08:09:43.011597,70.027,70.027,70.027,0.0
2026-02-23T08:09:43.083200,70.054,70.054,70.054,0.0
2026-02-23T08:09:43.154594,70.108,70.108,70.108,0.0
2026-02-23T08:09:43.225818,70.054,70.054,70.054,0.0
2026-02-23T08:09:53.227263,,,,100.0
2026-02-23T08:09:53.298980,70.062,70.062,70.062,0.0
2026-02-23T08:09:53.370821,70.136,70.136,70.136,0.0
2026-02-23T08:10:03.372556,,,,100.0
2026-02-23T08:10:03.444285,70.272,70.272,70.272,0.0
2026-02-23T08:10:03.516001,70.12,70.12,70.12,0.0
2026-02-23T08:10:03.587998,70.068,70.068,70.068,0.0
2026-02-23T08:10:03.659551,70.145,70.145,70.145,0.0
2026-02-23T08:10:03.731189,70.13,70.13,70.13,0.0
2026-02-23T08:10:03.802556,70.108,70.108,70.108,0.0
2026-02-23T08:10:03.874139,70.101,70.101,70.101,0.0
2026-02-23T08:10:03.945566,70.027,70.027,70.027,0.0
2026-02-23T08:10:04.016942,70.049,70.049,70.049,0.0
2026-02-23T08:10:04.088099,70.055,70.055,70.055,0.0
2026-02-23T08:10:04.159323,70.056,70.056,70.056,0.0
2026-02-23T08:10:04.230417,70.062,70.062,70.062,0.0
2026-02-23T08:10:04.301503,70.024,70.024,70.024,0.0
2026-02-23T08:10:14.302804,,,,100.0
2026-02-23T08:10:14.374657,70.165,70.165,70.165,0.0
2026-02-23T08:10:14.446365,70.094,70.094,70.094,0.0
2026-02-23T08:10:14.517607,70.034,70.034,70.034,0.0
2026-02-23T08:10:14.589056,70.123,70.123,70.123,0.0
2026-02-23T08:10:14.660471,70.141,70.141,70.141,0.0
2026-02-23T08:10:14.732077,70.106,70.106,70.106,0.0
2026-02-23T08:10:14.803791,70.059,70.059,70.059,0.0
2026-02-23T08:10:14.875432,70.126,70.126,70.126,0.0
2026-02-23T08:10:14.946733,70.04,70.04,70.04,0.0
2026-02-23T08:10:15.017972,70.058,70.058,70.058,0.0
2026-02-23T08:10:15.089112,70.123,70.123,70.123,0.0
2026-02-23T08:10:15.160566,70.087,70.087,70.087,0.0
2026-02-23T08:10:15.231869,70.052,70.052,70.052,0.0
2026-02-23T08:10:15.303189,70.081,70.081,70.081,0.0
2026-02-23T08:10:15.374462,70.097,70.097,70.097,0.0
2026-02-23T08:10:15.445837,70.061,70.061,70.061,0.0
2026-02-23T08:10:15.517446,70.121,70.121,70.121,0.0
2026-02-23T08:10:25.519449,,,,100.0
2026-02-23T08:10:25.591021,70.126,70.126,70.126,0.0
2026-02-23T08:10:25.662766,70.052,70.052,70.052,0.0
2026-02-23T08:10:25.734347,70.112,70.112,70.112,0.0
2026-02-23T08:10:25.805879,70.126,70.126,70.126,0.0
2026-02-23T08:10:25.877324,70.057,70.057,70.057,0.0
2026-02-23T08:10:25.948835,70.109,70.109,70.109,0.0
2026-02-23T08:10:26.020506,70.104,70.104,70.104,0.0
2026-02-23T08:10:26.091843,70.052,70.052,70.052,0.0
2026-02-23T08:10:26.163208,70.066,70.066,70.066,0.0
2026-02-23T08:10:26.234613,70.107,70.107,70.107,0.0
2026-02-23T08:10:26.306101,70.131,70.131,70.131,0.0
2026-02-23T08:10:26.377508,70.035,70.035,70.035,0.0
2026-02-23T08:10:26.448907,70.106,70.106,70.106,0.0
2026-02-23T08:10:26.520300,70.061,70.061,70.061,0.0
2026-02-23T08:10:26.591628,70.031,70.031,70.031,0.0
2026-02-23T08:10:36.593096,,,,100.0
2026-02-23T08:10:36.665031,70.146,70.146,70.146,0.0
2026-02-23T08:10:36.736696,70.044,70.044,70.044,0.0
2026-02-23T08:10:36.808130,70.069,70.069,70.069,0.0
2026-02-23T08:10:36.879670,70.101,70.101,70.101,0.0
2026-02-23T08:10:36.951086,70.064,70.064,70.064,0.0
2026-02-23T08:10:37.022664,70.021,70.021,70.021,0.0
2026-02-23T08:10:37.094116,70.062,70.062,70.062,0.0
2026-02-23T08:10:37.165289,70.055,70.055,70.055,0.0
2026-02-23T08:10:37.236569,70.028,70.028,70.028,0.0
2026-02-23T08:10:37.307739,70.102,70.102,70.102,0.0
2026-02-23T08:10:37.379045,70.126,70.126,70.126,0.0
2026-02-23T08:10:37.450508,70.062,70.062,70.062,0.0
2026-02-23T08:10:37.521946,70.088,70.088,70.088,0.0
2026-02-23T08:10:37.593545,70.209,70.209,70.209,0.0
2026-02-23T08:10:37.664962,70.088,70.088,70.088,0.0
2026-02-23T08:10:37.736454,70.123,70.123,70.123,0.0
2026-02-23T08:10:37.807948,70.132,70.132,70.132,0.0
2026-02-23T08:10:37.879311,70.103,70.103,70.103,0.0
2026-02-23T08:10:37.950571,70.039,70.039,70.039,0.0
2026-02-23T08:10:38.021851,70.077,70.077,70.077,0.0
2026-02-23T08:10:38.093170,70.085,70.085,70.085,0.0
2026-02-23T08:10:38.164787,70.06,70.06,70.06,0.0
2026-02-23T08:10:38.236202,70.072,70.072,70.072,0.0
2026-02-23T08:10:38.307622,70.227,70.227,70.227,0.0
2026-02-23T08:10:38.378961,70.059,70.059,70.059,0.0
2026-02-23T08:10:38.450463,70.115,70.115,70.115,0.0
2026-02-23T08:10:38.521773,70.088,70.088,70.088,0.0
2026-02-23T08:10:38.593212,70.114,70.114,70.114,0.0
2026-02-23T08:10:38.664659,70.081,70.081,70.081,0.0
2026-02-23T08:10:38.735991,70.083,70.083,70.083,0.0
2026-02-23T08:10:38.807405,70.097,70.097,70.097,0.0
2026-02-23T08:10:38.878796,70.036,70.036,70.036,0.0
2026-02-23T08:10:38.950137,70.081,70.081,70.081,0.0
2026-02-23T08:10:39.021510,70.044,70.044,70.044,0.0
2026-02-23T08:10:39.092883,70.059,70.059,70.059,0.0
2026-02-23T08:10:39.164482,70.132,70.132,70.132,0.0
2026-02-23T08:10:39.235890,70.113,70.113,70.113,0.0
2026-02-23T08:10:39.307280,70.063,70.063,70.063,0.0
2026-02-23T08:10:39.378768,70.089,70.089,70.089,0.0
2026-02-23T08:10:39.450157,70.062,70.062,70.062,0.0
2026-02-23T08:10:39.521284,70.077,70.077,70.077,0.0
2026-02-23T08:10:39.592622,70.133,70.133,70.133,0.0
2026-02-23T08:10:39.663813,70.087,70.087,70.087,0.0
2026-02-23T08:10:39.735100,70.12,70.12,70.12,0.0
2026-02-23T08:10:39.806616,70.025,70.025,70.025,0.0
2026-02-23T08:10:39.877805,70.053,70.053,70.053,0.0
2026-02-23T08:10:39.949030,70.054,70.054,70.054,0.0
2026-02-23T08:10:40.020275,70.031,70.031,70.031,0.0
2026-02-23T08:10:40.091679,70.114,70.114,70.114,0.0
2026-02-23T08:10:40.162926,70.059,70.059,70.059,0.0
2026-02-23T08:10:40.234242,70.079,70.079,70.079,0.0
2026-02-23T08:10:40.305554,70.144,70.144,70.144,0.0
2026-02-23T08:10:40.376792,70.057,70.057,70.057,0.0
2026-02-23T08:10:50.378451,,,,100.0
2026-02-23T08:10:50.450050,70.14,70.14,70.14,0.0
2026-02-23T08:10:50.521385,70.137,70.137,70.137,0.0
2026-02-23T08:11:00.522765,,,,100.0
2026-02-23T08:11:00.594331,70.114,70.114,70.114,0.0
2026-02-23T08:11:00.665957,70.05,70.05,70.05,0.0
2026-02-23T08:11:00.737105,70.065,70.065,70.065,0.0
2026-02-23T08:11:00.808665,70.118,70.118,70.118,0.0
2026-02-23T08:11:00.880158,70.067,70.067,70.067,0.0
2026-02-23T08:11:00.951532,70.101,70.101,70.101,0.0
2026-02-23T08:11:01.022868,70.036,70.036,70.036,0.0
2026-02-23T08:11:11.024077,,,,100.0
2026-02-23T08:11:11.095868,70.296,70.296,70.296,0.0
2026-02-23T08:11:11.167385,70.043,70.043,70.043,0.0
2026-02-23T08:11:11.238967,70.075,70.075,70.075,0.0
2026-02-23T08:11:11.310677,70.16,70.16,70.16,0.0
2026-02-23T08:11:11.382046,70.095,70.095,70.095,0.0
2026-02-23T08:11:11.453163,70.091,70.091,70.091,0.0
2026-02-23T08:11:11.524260,70.053,70.053,70.053,0.0
2026-02-23T08:11:11.595479,70.042,70.042,70.042,0.0
2026-02-23T08:11:11.666623,70.146,70.146,70.146,0.0
2026-02-23T08:11:11.738017,70.109,70.109,70.109,0.0
2026-02-23T08:11:21.739369,,,,100.0
2026-02-23T08:11:21.811090,70.074,70.074,70.074,0.0
2026-02-23T08:11:21.882431,70.063,70.063,70.063,0.0
2026-02-23T08:11:21.953747,70.042,70.042,70.042,0.0
2026-02-23T08:11:31.955085,,,,100.0
2026-02-23T08:11:32.026745,70.083,70.083,70.083,0.0
2026-02-23T08:11:32.098079,70.123,70.123,70.123,0.0
2026-02-23T08:11:32.169350,70.029,70.029,70.029,0.0
2026-02-23T08:11:32.240594,70.022,70.022,70.022,0.0
2026-02-23T08:11:32.311718,70.026,70.026,70.026,0.0
2026-02-23T08:11:32.382892,70.025,70.025,70.025,0.0
2026-02-23T08:11:32.453882,70.024,70.024,70.024,0.0
2026-02-23T08:11:32.525010,70.069,70.069,70.069,0.0
2026-02-23T08:11:32.596412,70.105,70.105,70.105,0.0
2026-02-23T08:11:32.667444,70.025,70.025,70.025,0.0
2026-02-23T08:11:32.738554,70.021,70.021,70.021,0.0
2026-02-23T08:11:32.809563,70.023,70.023,70.023,0.0
2026-02-23T08:11:32.880701,70.092,70.092,70.092,0.0
2026-02-23T08:11:32.951770,70.048,70.048,70.048,0.0
2026-02-23T08:11:33.022855,70.063,70.063,70.063,0.0
2026-02-23T08:11:33.093987,70.095,70.095,70.095,0.0
2026-02-23T08:11:33.165087,70.077,70.077,70.077,0.0
2026-02-23T08:11:33.236454,70.114,70.114,70.114,0.0
2026-02-23T08:11:33.307777,70.12,70.12,70.12,0.0
2026-02-23T08:11:33.378818,70.054,70.054,70.054,0.0
2026-02-23T08:11:33.449954,70.132,70.132,70.132,0.0
2026-02-23T08:11:33.520940,70.055,70.055,70.055,0.0
2026-02-23T08:11:33.591988,70.053,70.053,70.053,0.0
2026-02-23T08:11:33.663011,70.108,70.108,70.108,0.0
2026-02-23T08:11:33.734205,70.094,70.094,70.094,0.0
2026-02-23T08:11:33.805068,70.02,70.02,70.02,0.0
2026-02-23T08:11:33.876222,70.082,70.082,70.082,0.0
2026-02-23T08:11:33.947287,70.082,70.082,70.082,0.0
2026-02-23T08:11:34.018231,70.051,70.051,70.051,0.0
2026-02-23T08:11:34.089618,70.078,70.078,70.078,0.0
2026-02-23T08:11:44.090850,,,,100.0
2026-02-23T08:11:44.162772,70.265,70.265,70.265,0.0
2026-02-23T08:11:44.234264,70.067,70.067,70.067,0.0
2026-02-23T08:11:44.305438,70.151,70.151,70.151,0.0
2026-02-23T08:11:44.376621,70.037,70.037,70.037,0.0
2026-02-23T08:11:44.447680,70.026,70.026,70.026,0.0
2026-02-23T08:11:44.518879,70.107,70.107,70.107,0.0
2026-02-23T08:11:44.589973,70.026,70.026,70.026,0.0
2026-02-23T08:11:44.661033,70.024,70.024,70.024,0.0
2026-02-23T08:11:44.732367,70.119,70.119,70.119,0.0
2026-02-23T08:11:44.803656,70.028,70.028,70.028,0.0
2026-02-23T08:11:44.874938,70.081,70.081,70.081,0.0
2026-02-23T08:11:44.946298,70.138,70.138,70.138,0.0
2026-02-23T08:11:45.017644,70.159,70.159,70.159,0.0
2026-02-23T08:11:45.088889,70.054,70.054,70.054,0.0
2026-02-23T08:11:45.160167,70.085,70.085,70.085,0.0
2026-02-23T08:11:45.231528,70.083,70.083,70.083,0.0
2026-02-23T08:11:45.302877,70.073,70.073,70.073,0.0
2026-02-23T08:11:55.304232,,,,100.0
2026-02-23T08:11:55.375861,70.124,70.124,70.124,0.0
2026-02-23T08:11:55.447381,70.043,70.043,70.043,0.0
2026-02-23T08:11:55.518553,70.073,70.073,70.073,0.0
2026-02-23T08:11:55.589868,70.025,70.025,70.025,0.0
2026-02-23T08:11:55.660981,70.054,70.054,70.054,0.0
2026-02-23T08:11:55.732130,70.102,70.102,70.102,0.0
2026-02-23T08:11:55.803289,70.063,70.063,70.063,0.0
2026-02-23T08:11:55.874404,70.06,70.06,70.06,0.0
2026-02-23T08:11:55.945620,70.126,70.126,70.126,0.0
2026-02-23T08:11:56.016877,70.052,70.052,70.052,0.0
2026-02-23T08:11:56.087929,70.05,70.05,70.05,0.0
2026-02-23T08:11:56.159022,70.025,70.025,70.025,0.0
2026-02-23T08:11:56.230215,70.078,70.078,70.078,0.0
2026-02-23T08:11:56.301274,70.11,70.11,70.11,0.0
2026-02-23T08:11:56.372296,70.053,70.053,70.053,0.0
2026-02-23T08:11:56.443568,70.059,70.059,70.059,0.0
2026-02-23T08:11:56.514579,70.034,70.034,70.034,0.0
2026-02-23T08:11:56.585728,70.088,70.088,70.088,0.0
2026-02-23T08:11:56.656823,70.068,70.068,70.068,0.0
2026-02-23T08:11:56.727994,70.148,70.148,70.148,0.0
2026-02-23T08:11:56.799044,70.063,70.063,70.063,0.0
2026-02-23T08:11:56.870294,70.125,70.125,70.125,0.0
2026-02-23T08:11:56.941283,70.097,70.097,70.097,0.0
2026-02-23T08:11:57.012485,70.182,70.182,70.182,0.0
2026-02-23T08:11:57.083463,70.027,70.027,70.027,0.0
2026-02-23T08:12:07.084665,,,,100.0
2026-02-23T08:12:07.156756,70.432,70.432,70.432,0.0
2026-02-23T08:12:07.228404,70.114,70.114,70.114,0.0
2026-02-23T08:12:07.299986,70.074,70.074,70.074,0.0
2026-02-23T08:12:07.371735,70.075,70.075,70.075,0.0
2026-02-23T08:12:07.443432,70.107,70.107,70.107,0.0
2026-02-23T08:12:07.515155,70.122,70.122,70.122,0.0
2026-02-23T08:12:07.586741,70.035,70.035,70.035,0.0
2026-02-23T08:12:07.658251,70.082,70.082,70.082,0.0
2026-02-23T08:12:07.729875,70.06,70.06,70.06,0.0
2026-02-23T08:12:07.801386,70.106,70.106,70.106,0.0
2026-02-23T08:12:07.873057,70.068,70.068,70.068,0.0
2026-02-23T08:12:07.944812,70.101,70.101,70.101,0.0
2026-02-23T08:12:08.016419,70.076,70.076,70.076,0.0
2026-02-23T08:12:08.087950,70.057,70.057,70.057,0.0
2026-02-23T08:12:08.159101,70.058,70.058,70.058,0.0
2026-02-23T08:12:08.230321,70.053,70.053,70.053,0.0
2026-02-23T08:12:08.301464,70.136,70.136,70.136,0.0
2026-02-23T08:12:08.372653,70.034,70.034,70.034,0.0
2026-02-23T08:12:08.443752,70.047,70.047,70.047,0.0
2026-02-23T08:12:08.514901,70.026,70.026,70.026,0.0
2026-02-23T08:12:08.586069,70.124,70.124,70.124,0.0
2026-02-23T08:12:08.657124,70.093,70.093,70.093,0.0
2026-02-23T08:12:08.728250,70.074,70.074,70.074,0.0
2026-02-23T08:12:08.799292,70.094,70.094,70.094,0.0
2026-02-23T08:12:18.800560,,,,100.0
2026-02-23T08:12:18.872150,70.109,70.109,70.109,0.0
2026-02-23T08:12:18.943877,70.054,70.054,70.054,0.0
2026-02-23T08:12:19.015393,70.114,70.114,70.114,0.0
2026-02-23T08:12:19.086841,70.063,70.063,70.063,0.0
2026-02-23T08:12:19.158274,70.059,70.059,70.059,0.0
2026-02-23T08:12:19.229564,70.034,70.034,70.034,0.0
2026-02-23T08:12:19.301103,70.101,70.101,70.101,0.0
2026-02-23T08:12:19.372566,70.072,70.072,70.072,0.0
2026-02-23T08:12:19.444136,70.07,70.07,70.07,0.0
2026-02-23T08:12:19.515759,70.146,70.146,70.146,0.0
2026-02-23T08:12:19.587229,70.068,70.068,70.068,0.0
2026-02-23T08:12:19.658736,70.036,70.036,70.036,0.0
2026-02-23T08:12:19.729975,70.127,70.127,70.127,0.0
2026-02-23T08:12:19.801546,70.137,70.137,70.137,0.0
2026-02-23T08:12:19.872990,70.067,70.067,70.067,0.0
2026-02-23T08:12:19.944588,70.164,70.164,70.164,0.0
2026-02-23T08:12:20.015968,70.032,70.032,70.032,0.0
2026-02-23T08:12:20.087200,70.13,70.13,70.13,0.0
2026-02-23T08:12:20.158535,70.092,70.092,70.092,0.0
2026-02-23T08:12:20.229832,70.144,70.144,70.144,0.0
2026-02-23T08:12:20.301054,70.052,70.052,70.052,0.0
2026-02-23T08:12:20.372495,70.116,70.116,70.116,0.0
2026-02-23T08:12:20.443792,70.052,70.052,70.052,0.0
2026-02-23T08:12:20.515084,70.053,70.053,70.053,0.0
2026-02-23T08:12:20.586544,70.141,70.141,70.141,0.0
2026-02-23T08:12:20.658033,70.064,70.064,70.064,0.0
2026-02-23T08:12:20.729425,70.064,70.064,70.064,0.0
2026-02-23T08:12:20.800812,70.036,70.036,70.036,0.0
2026-02-23T08:12:20.872002,70.102,70.102,70.102,0.0
2026-02-23T08:12:20.943257,70.073,70.073,70.073,0.0
2026-02-23T08:12:21.014425,70.035,70.035,70.035,0.0
2026-02-23T08:12:21.085625,70.025,70.025,70.025,0.0
2026-02-23T08:12:21.156511,70.027,70.027,70.027,0.0
2026-02-23T08:12:21.227675,70.024,70.024,70.024,0.0
2026-02-23T08:12:21.298799,70.053,70.053,70.053,0.0
2026-02-23T08:12:31.300069,,,,100.0
2026-02-23T08:12:31.371903,70.065,70.065,70.065,0.0
2026-02-23T08:12:31.443577,70.089,70.089,70.089,0.0
2026-02-23T08:12:31.515211,70.098,70.098,70.098,0.0
2026-02-23T08:12:31.586724,70.03,70.03,70.03,0.0
2026-02-23T08:12:31.658112,70.059,70.059,70.059,0.0
2026-02-23T08:12:41.659509,,,,100.0
2026-02-23T08:12:41.731435,70.277,70.277,70.277,0.0
2026-02-23T08:12:41.802697,70.094,70.094,70.094,0.0
2026-02-23T08:12:41.874036,70.058,70.058,70.058,0.0
2026-02-23T08:12:41.945375,70.073,70.073,70.073,0.0
2026-02-23T08:12:42.016844,70.144,70.144,70.144,0.0
2026-02-23T08:12:42.087855,70.055,70.055,70.055,0.0
2026-02-23T08:12:42.159119,70.051,70.051,70.051,0.0
2026-02-23T08:12:42.230123,70.023,70.023,70.023,0.0
2026-02-23T08:12:42.301505,70.131,70.131,70.131,0.0
2026-02-23T08:12:52.302977,,,,100.0
2026-02-23T08:12:52.374318,70.046,70.046,70.046,0.0
2026-02-23T08:12:52.445443,70.054,70.054,70.054,0.0
2026-02-23T08:12:52.516584,70.035,70.035,70.035,0.0
2026-02-23T08:12:52.587796,70.025,70.025,70.025,0.0
2026-02-23T08:12:52.658931,70.166,70.166,70.166,0.0
2026-02-23T08:12:52.730208,70.071,70.071,70.071,0.0
2026-02-23T08:12:52.801387,70.03,70.03,70.03,0.0
2026-02-23T08:12:52.872612,70.053,70.053,70.053,0.0
2026-02-23T08:12:52.943705,70.028,70.028,70.028,0.0
2026-02-23T08:12:53.014940,70.048,70.048,70.048,0.0
2026-02-23T08:12:53.086002,70.056,70.056,70.056,0.0
2026-02-23T08:12:53.157049,70.05,70.05,70.05,0.0
2026-02-23T08:12:53.228122,70.023,70.023,70.023,0.0
2026-02-23T08:12:53.299168,70.05,70.05,70.05,0.0
2026-02-23T08:12:53.370387,70.119,70.119,70.119,0.0
2026-02-23T08:12:53.441637,70.029,70.029,70.029,0.0
2026-02-23T08:12:53.512742,70.026,70.026,70.026,0.0
2026-02-23T08:12:53.584020,70.107,70.107,70.107,0.0
2026-02-23T08:12:53.654932,70.055,70.055,70.055,0.0
2026-02-23T08:12:53.725961,70.049,70.049,70.049,0.0
2026-02-23T08:12:53.797108,70.101,70.101,70.101,0.0
2026-02-23T08:12:53.868345,70.058,70.058,70.058,0.0
2026-02-23T08:12:53.939417,70.065,70.065,70.065,0.0
2026-02-23T08:12:54.010485,70.043,70.043,70.043,0.0
2026-02-23T08:13:04.011731,,,,100.0
2026-02-23T08:13:04.083078,70.096,70.096,70.096,0.0
2026-02-23T08:13:04.154214,70.085,70.085,70.085,0.0
2026-02-23T08:13:04.225328,70.021,70.021,70.021,0.0
2026-02-23T08:13:04.296278,70.053,70.053,70.053,0.0
2026-02-23T08:13:04.367222,70.069,70.069,70.069,0.0
2026-02-23T08:13:04.438233,70.031,70.031,70.031,0.0
2026-02-23T08:13:04.509159,70.021,70.021,70.021,0.0
2026-02-23T08:13:04.580063,70.02,70.02,70.02,0.0
2026-02-23T08:13:04.650986,70.083,70.083,70.083,0.0
2026-02-23T08:13:04.721955,70.035,70.035,70.035,0.0
2026-02-23T08:13:04.792929,70.02,70.02,70.02,0.0
2026-02-23T08:13:14.794078,,,,100.0
2026-02-23T08:13:14.865914,70.156,70.156,70.156,0.0
2026-02-23T08:13:14.937519,70.144,70.144,70.144,0.0
2026-02-23T08:13:15.008720,70.075,70.075,70.075,0.0
2026-02-23T08:13:15.079897,70.055,70.055,70.055,0.0
2026-02-23T08:13:15.151014,70.051,70.051,70.051,0.0
2026-02-23T08:13:15.222230,70.094,70.094,70.094,0.0
2026-02-23T08:13:15.293570,70.049,70.049,70.049,0.0
2026-02-23T08:13:15.364570,70.053,70.053,70.053,0.0
2026-02-23T08:13:15.435967,70.085,70.085,70.085,0.0
2026-02-23T08:13:15.507231,70.04,70.04,70.04,0.0
2026-02-23T08:13:15.578774,70.046,70.046,70.046,0.0
2026-02-23T08:13:15.650256,70.06,70.06,70.06,0.0
2026-02-23T08:13:15.721658,70.034,70.034,70.034,0.0
2026-02-23T08:13:15.792752,70.05,70.05,70.05,0.0
2026-02-23T08:13:15.863989,70.034,70.034,70.034,0.0
2026-02-23T08:13:25.865635,,,,100.0
2026-02-23T08:13:25.937206,70.077,70.077,70.077,0.0
2026-02-23T08:13:26.008313,70.077,70.077,70.077,0.0
2026-02-23T08:13:26.079301,70.065,70.065,70.065,0.0
2026-02-23T08:13:26.150445,70.114,70.114,70.114,0.0
2026-02-23T08:13:26.221469,70.058,70.058,70.058,0.0
2026-02-23T08:13:26.292460,70.022,70.022,70.022,0.0
2026-02-23T08:13:26.363490,70.047,70.047,70.047,0.0
2026-02-23T08:13:26.434494,70.024,70.024,70.024,0.0
2026-02-23T08:13:26.505514,70.062,70.062,70.062,0.0
2026-02-23T08:13:26.576461,70.018,70.018,70.018,0.0
2026-02-23T08:13:26.647479,70.029,70.029,70.029,0.0
2026-02-23T08:13:26.718389,70.061,70.061,70.061,0.0
2026-02-23T08:13:26.789505,70.07,70.07,70.07,0.0
2026-02-23T08:13:26.860543,70.094,70.094,70.094,0.0
2026-02-23T08:13:26.931507,70.077,70.077,70.077,0.0
2026-02-23T08:13:27.002497,70.02,70.02,70.02,0.0
2026-02-23T08:13:27.073648,70.098,70.098,70.098,0.0
2026-02-23T08:13:27.144501,70.018,70.018,70.018,0.0
2026-02-23T08:13:27.215587,70.026,70.026,70.026,0.0
2026-02-23T08:13:27.286649,70.021,70.021,70.021,0.0
2026-02-23T08:13:27.357508,70.017,70.017,70.017,0.0
2026-02-23T08:13:27.428385,70.073,70.073,70.073,0.0
2026-02-23T08:13:27.499450,70.099,70.099,70.099,0.0
2026-02-23T08:13:27.570425,70.027,70.027,70.027,0.0
2026-02-23T08:13:27.641380,70.058,70.058,70.058,0.0
2026-02-23T08:13:27.712529,70.123,70.123,70.123,0.0
2026-02-23T08:13:27.783879,70.014,70.014,70.014,0.0
2026-02-23T08:13:27.854895,70.05,70.05,70.05,0.0
2026-02-23T08:13:27.926055,70.118,70.118,70.118,0.0
2026-02-23T08:13:27.997150,70.016,70.016,70.016,0.0
2026-02-23T08:13:28.068390,70.078,70.078,70.078,0.0
2026-02-23T08:13:28.139655,70.137,70.137,70.137,0.0
2026-02-23T08:13:28.210793,70.021,70.021,70.021,0.0
2026-02-23T08:13:28.281848,70.05,70.05,70.05,0.0
2026-02-23T08:13:28.352941,70.092,70.092,70.092,0.0
2026-02-23T08:13:28.424182,70.05,70.05,70.05,0.0
2026-02-23T08:13:38.425478,,,,100.0
2026-02-23T08:13:38.497141,70.072,70.072,70.072,0.0
2026-02-23T08:13:38.568421,70.095,70.095,70.095,0.0
2026-02-23T08:13:38.639563,70.06,70.06,70.06,0.0
2026-02-23T08:13:38.711086,70.124,70.124,70.124,0.0
2026-02-23T08:13:38.782338,70.099,70.099,70.099,0.0
2026-02-23T08:13:38.853613,70.036,70.036,70.036,0.0
2026-02-23T08:13:38.924682,70.026,70.026,70.026,0.0
2026-02-23T08:13:38.995871,70.051,70.051,70.051,0.0
2026-02-23T08:13:39.066962,70.054,70.054,70.054,0.0
2026-02-23T08:13:39.138033,70.022,70.022,70.022,0.0
2026-02-23T08:13:39.209005,70.068,70.068,70.068,0.0
2026-02-23T08:13:39.280203,70.071,70.071,70.071,0.0
2026-02-23T08:13:39.351739,70.089,70.089,70.089,0.0
2026-02-23T08:13:39.422775,70.1,70.1,70.1,0.0
2026-02-23T08:13:39.493962,70.064,70.064,70.064,0.0
2026-02-23T08:13:39.565018,70.024,70.024,70.024,0.0
2026-02-23T08:13:39.636134,70.053,70.053,70.053,0.0
2026-02-23T08:13:39.707214,70.073,70.073,70.073,0.0
2026-02-23T08:13:39.778344,70.064,70.064,70.064,0.0
2026-02-23T08:13:39.849600,70.016,70.016,70.016,0.0
2026-02-23T08:13:39.920551,70.022,70.022,70.022,0.0
2026-02-23T08:13:39.991675,70.026,70.026,70.026,0.0
2026-02-23T08:13:40.062757,70.089,70.089,70.089,0.0
2026-02-23T08:13:50.064076,,,,100.0
2026-02-23T08:13:50.135569,70.052,70.052,70.052,0.0
2026-02-23T08:13:50.206897,70.068,70.068,70.068,0.0
2026-02-23T08:13:50.278310,70.105,70.105,70.105,0.0
2026-02-23T08:13:50.349478,70.03,70.03,70.03,0.0
2026-02-23T08:13:50.420653,70.119,70.119,70.119,0.0
2026-02-23T08:13:50.491790,70.059,70.059,70.059,0.0
2026-02-23T08:13:50.562873,70.064,70.064,70.064,0.0
2026-02-23T08:13:50.633969,70.027,70.027,70.027,0.0
2026-02-23T08:13:50.705023,70.024,70.024,70.024,0.0
2026-02-23T08:13:50.776091,70.048,70.048,70.048,0.0
2026-02-23T08:13:50.847139,70.024,70.024,70.024,0.0
2026-02-23T08:13:50.918066,70.021,70.021,70.021,0.0
2026-02-23T08:13:50.989313,70.035,70.035,70.035,0.0
2026-02-23T08:13:51.060582,70.074,70.074,70.074,0.0
2026-02-23T08:13:51.131854,70.031,70.031,70.031,0.0
2026-02-23T08:13:51.203304,70.079,70.079,70.079,0.0
2026-02-23T08:13:51.274454,70.11,70.11,70.11,0.0
2026-02-23T08:13:51.345733,70.026,70.026,70.026,0.0
2026-02-23T08:13:51.416963,70.058,70.058,70.058,0.0
2026-02-23T08:13:51.488129,70.07,70.07,70.07,0.0
2026-02-23T08:13:51.559333,70.069,70.069,70.069,0.0
2026-02-23T08:13:51.630550,70.024,70.024,70.024,0.0
2026-02-23T08:13:51.701712,70.109,70.109,70.109,0.0
2026-02-23T08:13:51.772919,70.051,70.051,70.051,0.0
2026-02-23T08:13:51.844064,70.117,70.117,70.117,0.0
2026-02-23T08:13:51.915203,70.057,70.057,70.057,0.0
2026-02-23T08:13:51.986348,70.099,70.099,70.099,0.0
2026-02-23T08:13:52.057471,70.048,70.048,70.048,0.0
2026-02-23T08:13:52.128800,70.017,70.017,70.017,0.0
2026-02-23T08:13:52.199961,70.091,70.091,70.091,0.0
2026-02-23T08:13:52.271112,70.049,70.049,70.049,0.0
2026-02-23T08:13:52.342233,70.11,70.11,70.11,0.0
2026-02-23T08:13:52.413268,70.075,70.075,70.075,0.0
2026-02-23T08:13:52.484391,70.092,70.092,70.092,0.0
2026-02-23T08:13:52.555557,70.031,70.031,70.031,0.0
2026-02-23T08:13:52.626600,70.025,70.025,70.025,0.0
2026-02-23T08:13:52.697737,70.051,70.051,70.051,0.0
2026-02-23T08:13:52.768800,70.078,70.078,70.078,0.0
2026-02-23T08:13:52.839821,70.021,70.021,70.021,0.0
2026-02-23T08:13:52.911014,70.067,70.067,70.067,0.0
2026-02-23T08:13:52.982259,70.079,70.079,70.079,0.0
2026-02-23T08:13:53.053516,70.029,70.029,70.029,0.0
2026-02-23T08:13:53.124582,70.022,70.022,70.022,0.0
2026-02-23T08:13:53.195699,70.052,70.052,70.052,0.0
2026-02-23T08:13:53.266710,70.015,70.015,70.015,0.0
2026-02-23T08:13:53.337718,70.026,70.026,70.026,0.0
2026-02-23T08:14:03.338941,,,,100.0
2026-02-23T08:14:03.411019,70.258,70.258,70.258,0.0
2026-02-23T08:14:13.412868,,,,100.0
2026-02-23T08:14:13.484503,70.078,70.078,70.078,0.0
2026-02-23T08:14:13.556040,70.08,70.08,70.08,0.0
2026-02-23T08:14:13.627158,70.063,70.063,70.063,0.0
2026-02-23T08:14:13.698346,70.114,70.114,70.114,0.0
2026-02-23T08:14:23.699771,,,,100.0
2026-02-23T08:14:23.771210,70.084,70.084,70.084,0.0
2026-02-23T08:14:23.842209,70.069,70.069,70.069,0.0
2026-02-23T08:14:23.913257,70.055,70.055,70.055,0.0
2026-02-23T08:14:33.914513,,,,100.0
2026-02-23T08:14:33.985969,70.068,70.068,70.068,0.0
2026-02-23T08:14:34.057837,70.048,70.048,70.048,0.0
2026-02-23T08:14:44.059455,,,,100.0
2026-02-23T08:14:44.131245,70.117,70.117,70.117,0.0
2026-02-23T08:14:44.202703,70.052,70.052,70.052,0.0
2026-02-23T08:14:44.273820,70.06,70.06,70.06,0.0
2026-02-23T08:14:44.345012,70.032,70.032,70.032,0.0
2026-02-23T08:14:44.416133,70.098,70.098,70.098,0.0
2026-02-23T08:14:44.487127,70.025,70.025,70.025,0.0
2026-02-23T08:14:44.558137,70.025,70.025,70.025,0.0
2026-02-23T08:14:44.629208,70.028,70.028,70.028,0.0
2026-02-23T08:14:44.700402,70.095,70.095,70.095,0.0
2026-02-23T08:14:44.771665,70.025,70.025,70.025,0.0
2026-02-23T08:14:44.842648,70.019,70.019,70.019,0.0
2026-02-23T08:14:44.913687,70.022,70.022,70.022,0.0
2026-02-23T08:14:44.984937,70.057,70.057,70.057,0.0
2026-02-23T08:14:45.055852,70.048,70.048,70.048,0.0
2026-02-23T08:14:45.126973,70.086,70.086,70.086,0.0
2026-02-23T08:14:45.198020,70.1,70.1,70.1,0.0
2026-02-23T08:14:55.199357,,,,100.0
2026-02-23T08:14:55.271176,70.096,70.096,70.096,0.0
2026-02-23T08:14:55.342668,70.032,70.032,70.032,0.0
2026-02-23T08:14:55.414346,70.135,70.135,70.135,0.0
2026-02-23T08:14:55.485810,70.052,70.052,70.052,0.0
2026-02-23T08:14:55.557429,70.14,70.14,70.14,0.0
2026-02-23T08:14:55.628864,70.106,70.106,70.106,0.0
2026-02-23T08:14:55.700407,70.102,70.102,70.102,0.0
2026-02-23T08:14:55.771872,70.076,70.076,70.076,0.0
2026-02-23T08:14:55.843368,70.107,70.107,70.107,0.0
2026-02-23T08:15:05.844765,,,,100.0
2026-02-23T08:15:05.916367,70.14,70.14,70.14,0.0
2026-02-23T08:15:05.987800,70.049,70.049,70.049,0.0
2026-02-23T08:15:06.059382,70.112,70.112,70.112,0.0
2026-02-23T08:15:06.130941,70.076,70.076,70.076,0.0
2026-02-23T08:15:06.202652,70.066,70.066,70.066,0.0
2026-02-23T08:15:06.274333,70.13,70.13,70.13,0.0
2026-02-23T08:15:06.346017,70.15,70.15,70.15,0.0
2026-02-23T08:15:06.417677,70.066,70.066,70.066,0.0
2026-02-23T08:15:06.489326,70.075,70.075,70.075,0.0
2026-02-23T08:15:06.560978,70.137,70.137,70.137,0.0
2026-02-23T08:15:06.632680,70.059,70.059,70.059,0.0
2026-02-23T08:15:16.634536,,,,100.0
2026-02-23T08:15:16.706023,70.049,70.049,70.049,0.0
2026-02-23T08:15:16.777259,70.087,70.087,70.087,0.0
2026-02-23T08:15:16.848661,70.183,70.183,70.183,0.0
2026-02-23T08:15:16.919830,70.074,70.074,70.074,0.0
2026-02-23T08:15:16.990984,70.122,70.122,70.122,0.0
2026-02-23T08:15:17.061937,70.07,70.07,70.07,0.0
2026-02-23T08:15:17.133031,70.095,70.095,70.095,0.0
2026-02-23T08:15:27.134294,,,,100.0
2026-02-23T08:15:27.205765,70.048,70.048,70.048,0.0
2026-02-23T08:15:27.276912,70.069,70.069,70.069,0.0
2026-02-23T08:15:27.348496,70.063,70.063,70.063,0.0
2026-02-23T08:15:27.419965,70.059,70.059,70.059,0.0
2026-02-23T08:15:27.491524,70.05,70.05,70.05,0.0
2026-02-23T08:15:27.563127,70.054,70.054,70.054,0.0
2026-02-23T08:15:27.634364,70.055,70.055,70.055,0.0
2026-02-23T08:15:27.705804,70.019,70.019,70.019,0.0
2026-02-23T08:15:27.776968,70.092,70.092,70.092,0.0
2026-02-23T08:15:27.848129,70.065,70.065,70.065,0.0
2026-02-23T08:15:27.919361,70.027,70.027,70.027,0.0
2026-02-23T08:15:27.990676,70.114,70.114,70.114,0.0
2026-02-23T08:15:37.992156,,,,100.0
2026-02-23T08:15:38.064069,70.302,70.302,70.302,0.0
2026-02-23T08:15:38.135584,70.049,70.049,70.049,0.0
2026-02-23T08:15:48.136826,,,,100.0
2026-02-23T08:15:48.208554,70.077,70.077,70.077,0.0
2026-02-23T08:15:48.279901,70.094,70.094,70.094,0.0
2026-02-23T08:15:48.351281,70.063,70.063,70.063,0.0
2026-02-23T08:15:48.422585,70.136,70.136,70.136,0.0
2026-02-23T08:15:48.493881,70.068,70.068,70.068,0.0
2026-02-23T08:15:48.565012,70.049,70.049,70.049,0.0
2026-02-23T08:15:48.636409,70.137,70.137,70.137,0.0
2026-02-23T08:15:48.707637,70.028,70.028,70.028,0.0
2026-02-23T08:15:48.778744,70.092,70.092,70.092,0.0
2026-02-23T08:15:48.849860,70.05,70.05,70.05,0.0
2026-02-23T08:15:48.920965,70.111,70.111,70.111,0.0
2026-02-23T08:15:48.992075,70.09,70.09,70.09,0.0
2026-02-23T08:15:49.063564,70.025,70.025,70.025,0.0
2026-02-23T08:15:49.134839,70.066,70.066,70.066,0.0
2026-02-23T08:15:49.205776,70.022,70.022,70.022,0.0
2026-02-23T08:15:49.276883,70.049,70.049,70.049,0.0
2026-02-23T08:15:49.347902,70.021,70.021,70.021,0.0
2026-02-23T08:15:49.419009,70.089,70.089,70.089,0.0
2026-02-23T08:15:49.490125,70.099,70.099,70.099,0.0
2026-02-23T08:15:49.561128,70.077,70.077,70.077,0.0
2026-02-23T08:15:49.632046,70.02,70.02,70.02,0.0
2026-02-23T08:15:49.703301,70.142,70.142,70.142,0.0
2026-02-23T08:15:59.704641,,,,100.0
2026-02-23T08:15:59.776330,70.114,70.114,70.114,0.0
2026-02-23T08:15:59.847811,70.043,70.043,70.043,0.0
2026-02-23T08:15:59.918991,70.062,70.062,70.062,0.0
2026-02-23T08:15:59.990383,70.144,70.144,70.144,0.0
2026-02-23T08:16:00.061537,70.023,70.023,70.023,0.0
2026-02-23T08:16:00.132661,70.1,70.1,70.1,0.0
2026-02-23T08:16:00.203934,70.044,70.044,70.044,0.0
2026-02-23T08:16:00.274893,70.052,70.052,70.052,0.0
2026-02-23T08:16:00.345718,70.061,70.061,70.061,0.0
2026-02-23T08:16:00.416978,70.055,70.055,70.055,0.0
2026-02-23T08:16:00.487915,70.05,70.05,70.05,0.0
2026-02-23T08:16:00.559009,70.071,70.071,70.071,0.0
2026-02-23T08:16:00.630048,70.08,70.08,70.08,0.0
2026-02-23T08:16:00.701240,70.081,70.081,70.081,0.0
2026-02-23T08:16:00.772235,70.044,70.044,70.044,0.0
2026-02-23T08:16:00.843387,70.11,70.11,70.11,0.0
2026-02-23T08:16:00.914442,70.072,70.072,70.072,0.0
2026-02-23T08:16:00.985523,70.064,70.064,70.064,0.0
2026-02-23T08:16:01.056472,70.02,70.02,70.02,0.0
2026-02-23T08:16:01.127739,70.015,70.015,70.015,0.0
2026-02-23T08:16:01.198729,70.018,70.018,70.018,0.0
2026-02-23T08:16:01.269848,70.097,70.097,70.097,0.0
